id,target
1,3.64663956621995
2,3.64661039322011
3,3.64658122045366
4,3.64655204792058
5,3.64652287562089
6,3.64649370355457
7,3.64646453172163
8,3.64643536012206
9,3.64640618875587
10,3.64637701762304
11,3.64634784672359
12,3.6463186760575
13,3.64628950562477
14,3.6462603354254
15,3.6462311654594
16,3.64620199572676
17,3.64617282622747
18,3.64614365696154
19,3.64611448792895
20,2.27943480071438
21,2.27942340356887
22,2.27941200648035
23,2.27940060944881
24,2.27938921247425
25,2.27937781555668
26,2.2793664186961
27,2.2793550218925
28,2.27934362514588
29,2.27933222845624
30,2.27932083182359
31,2.27930943524793
32,2.27929803872924
33,2.27928664226754
34,2.27927524586282
35,2.27926384951508
36,2.27925245322432
37,2.27924105699055
38,2.27922966081375
39,2.27943480071438
40,2.27942340356887
41,2.27941200648035
42,2.27940060944881
43,2.27938921247425
44,2.27937781555668
45,2.2793664186961
46,2.2793550218925
47,2.27934362514588
48,2.27933222845624
49,2.27932083182359
50,2.27930943524793
51,2.27929803872924
52,2.27928664226754
53,2.27927524586282
54,2.27926384951508
55,2.27925245322432
56,2.27924105699055
57,2.27922966081375
58,2.27943480071438
59,2.27942340356887
60,2.27941200648035
61,2.27940060944881
62,2.27938921247425
63,2.27937781555668
64,2.2793664186961
65,2.2793550218925
66,2.27934362514588
67,2.27933222845624
68,2.27932083182359
69,2.27930943524793
70,2.27929803872924
71,2.27928664226754
72,2.27927524586282
73,2.27926384951508
74,2.27925245322432
75,2.27924105699055
76,2.27922966081375
77,2.27943480071438
78,2.27942340356887
79,2.27941200648035
80,2.27940060944881
81,2.27938921247425
82,2.27937781555668
83,2.2793664186961
84,2.2793550218925
85,2.27934362514588
86,2.27933222845624
87,2.27932083182359
88,2.27930943524793
89,2.27929803872924
90,2.27928664226754
91,2.27927524586282
92,2.27926384951508
93,2.27925245322432
94,2.27924105699055
95,2.27922966081375
96,2.27943480071438
97,2.27942340356887
98,2.27941200648035
99,2.27940060944881
100,2.27938921247425
101,2.27937781555668
102,2.2793664186961
103,2.2793550218925
104,2.27934362514588
105,2.27933222845624
106,2.27932083182359
107,2.27930943524793
108,2.27929803872924
109,2.27928664226754
110,2.27927524586282
111,2.27926384951508
112,2.27925245322432
113,2.27924105699055
114,2.27922966081375
115,2.27943480071438
116,2.27942340356887
117,2.27941200648035
118,2.27940060944881
119,2.27938921247425
120,2.27937781555668
121,2.2793664186961
122,2.2793550218925
123,2.27934362514588
124,2.27933222845624
125,2.27932083182359
126,2.27930943524793
127,2.27929803872924
128,2.27928664226754
129,2.27927524586282
130,2.27926384951508
131,2.27925245322432
132,2.27924105699055
133,2.27922966081375
134,2.27943480071438
135,2.27942340356887
136,2.27941200648035
137,2.27940060944881
138,2.27938921247425
139,2.27937781555668
140,2.2793664186961
141,2.2793550218925
142,2.27934362514588
143,2.27933222845624
144,2.27932083182359
145,2.27930943524793
146,2.27929803872924
147,2.27928664226754
148,2.27927524586282
149,2.27926384951508
150,2.27925245322432
151,2.27924105699055
152,2.27922966081375
153,2.27943480071438
154,2.27942340356887
155,2.27941200648035
156,2.27940060944881
157,2.27938921247425
158,2.27937781555668
159,2.2793664186961
160,2.2793550218925
161,2.27934362514588
162,2.27933222845624
163,2.27932083182359
164,2.27930943524793
165,2.27929803872924
166,2.27928664226754
167,2.27927524586282
168,2.27926384951508
169,2.27925245322432
170,2.27924105699055
171,2.27922966081375
172,2.27943480071438
173,2.27942340356887
174,2.27941200648035
175,2.27940060944881
176,2.27938921247425
177,2.27937781555668
178,2.2793664186961
179,2.2793550218925
180,2.27934362514588
181,2.27933222845624
182,2.27932083182359
183,2.27930943524793
184,2.27929803872924
185,2.27928664226754
186,2.27927524586282
187,2.27926384951508
188,2.27925245322432
189,2.27924105699055
190,2.27922966081375
191,2.27943480071438
192,2.27942340356887
193,2.27941200648035
194,2.27940060944881
195,2.27938921247425
196,2.27937781555668
197,2.2793664186961
198,2.2793550218925
199,2.27934362514588
200,2.27933222845624
201,2.27932083182359
202,2.27930943524793
203,2.27929803872924
204,2.27928664226754
205,2.27927524586282
206,2.27926384951508
207,2.27925245322432
208,2.27924105699055
209,2.27922966081375
210,2.27943480071438
211,2.27942340356887
212,2.27941200648035
213,2.27940060944881
214,2.27938921247425
215,2.27937781555668
216,2.2793664186961
217,2.2793550218925
218,2.27934362514588
219,2.27933222845624
220,2.27932083182359
221,2.27930943524793
222,2.27929803872924
223,2.27928664226754
224,2.27927524586282
225,2.27926384951508
226,2.27925245322432
227,2.27924105699055
228,2.27922966081375
229,2.27943480071438
230,2.27942340356887
231,2.27941200648035
232,2.27940060944881
233,2.27938921247425
234,2.27937781555668
235,2.2793664186961
236,2.2793550218925
237,2.27934362514588
238,2.27933222845624
239,2.27932083182359
240,2.27930943524793
241,2.27929803872924
242,2.27928664226754
243,2.27927524586282
244,2.27926384951508
245,2.27925245322432
246,2.27924105699055
247,2.27922966081375
248,2.27943480071438
249,2.27942340356887
250,2.27941200648035
251,2.27940060944881
252,2.27938921247425
253,2.27937781555668
254,2.2793664186961
255,2.2793550218925
256,2.27934362514588
257,2.27933222845624
258,2.27932083182359
259,2.27930943524793
260,2.27929803872924
261,2.27928664226754
262,2.27927524586282
263,2.27926384951508
264,2.27925245322432
265,2.27924105699055
266,2.27922966081375
267,2.27943480071438
268,2.27942340356887
269,2.27941200648035
270,2.27940060944881
271,2.27938921247425
272,2.27937781555668
273,2.2793664186961
274,2.2793550218925
275,2.27934362514588
276,2.27933222845624
277,2.27932083182359
278,2.27930943524793
279,2.27929803872924
280,2.27928664226754
281,2.27927524586282
282,2.27926384951508
283,2.27925245322432
284,2.27924105699055
285,2.27922966081375
286,2.27943480071438
287,2.27942340356887
288,2.27941200648035
289,2.27940060944881
290,2.27938921247425
291,2.27937781555668
292,2.2793664186961
293,2.2793550218925
294,2.27934362514588
295,2.27933222845624
296,2.27932083182359
297,2.27930943524793
298,2.27929803872924
299,2.27928664226754
300,2.27927524586282
301,2.27926384951508
302,2.27925245322432
303,2.27924105699055
304,2.27922966081375
305,2.27943480071438
306,2.27942340356887
307,2.27941200648035
308,2.27940060944881
309,2.27938921247425
310,2.27937781555668
311,2.2793664186961
312,2.2793550218925
313,2.27934362514588
314,2.27933222845624
315,2.27932083182359
316,2.27930943524793
317,2.27929803872924
318,2.27928664226754
319,2.27927524586282
320,2.27926384951508
321,2.27925245322432
322,2.27924105699055
323,2.27922966081375
324,2.27943480071438
325,2.27942340356887
326,2.27941200648035
327,2.27940060944881
328,2.27938921247425
329,2.27937781555668
330,2.2793664186961
331,2.2793550218925
332,2.27934362514588
333,2.27933222845624
334,2.27932083182359
335,2.27930943524793
336,2.27929803872924
337,2.27928664226754
338,2.27927524586282
339,2.27926384951508
340,2.27925245322432
341,2.27924105699055
342,2.27922966081375
343,2.27943480071438
344,2.27942340356887
345,2.27941200648035
346,2.27940060944881
347,2.27938921247425
348,2.27937781555668
349,2.2793664186961
350,2.2793550218925
351,2.27934362514588
352,2.27933222845624
353,2.27932083182359
354,2.27930943524793
355,2.27929803872924
356,2.27928664226754
357,2.27927524586282
358,2.27926384951508
359,2.27925245322432
360,2.27924105699055
361,2.27922966081375
362,2.27943480071438
363,2.27942340356887
364,2.27941200648035
365,2.27940060944881
366,2.27938921247425
367,2.27937781555668
368,2.2793664186961
369,2.2793550218925
370,2.27934362514588
371,2.27933222845624
372,2.27932083182359
373,2.27930943524793
374,2.27929803872924
375,2.27928664226754
376,2.27927524586282
377,2.27926384951508
378,2.27925245322432
379,2.27924105699055
380,2.27922966081375
381,2.27943480071438
382,2.27942340356887
383,2.27941200648035
384,2.27940060944881
385,2.27938921247425
386,2.27937781555668
387,2.2793664186961
388,2.2793550218925
389,2.27934362514588
390,2.27933222845624
391,2.27932083182359
392,2.27930943524793
393,2.27929803872924
394,2.27928664226754
395,2.27927524586282
396,2.27926384951508
397,2.27925245322432
398,2.27924105699055
399,2.27922966081375
400,2.27943480071438
401,2.27942340356887
402,2.27941200648035
403,2.27940060944881
404,2.27938921247425
405,2.27937781555668
406,2.2793664186961
407,2.2793550218925
408,2.27934362514588
409,2.27933222845624
410,2.27932083182359
411,2.27930943524793
412,2.27929803872924
413,2.27928664226754
414,2.27927524586282
415,2.27926384951508
416,2.27925245322432
417,2.27924105699055
418,2.27922966081375
419,2.27943480071438
420,2.27942340356887
421,2.27941200648035
422,2.27940060944881
423,2.27938921247425
424,2.27937781555668
425,2.2793664186961
426,2.2793550218925
427,2.27934362514588
428,2.27933222845624
429,2.27932083182359
430,2.27930943524793
431,2.27929803872924
432,2.27928664226754
433,2.27927524586282
434,2.27926384951508
435,2.27925245322432
436,2.27924105699055
437,2.27922966081375
438,3.27154490827885
439,3.2715285505952
440,3.27151219299334
441,3.27149583547327
442,3.27147947803499
443,3.27146312067849
444,3.27144676340378
445,3.27143040621085
446,3.27141404909971
447,3.27139769207036
448,3.27138133512279
449,3.27136497825701
450,3.27134862147301
451,3.2713322647708
452,3.27131590815036
453,3.27129955161172
454,3.27128319515485
455,3.27126683877976
456,3.27125048248646
457,3.27154490827885
458,3.2715285505952
459,3.27151219299334
460,3.27149583547327
461,3.27147947803499
462,3.27146312067849
463,3.27144676340378
464,3.27143040621085
465,3.27141404909971
466,3.27139769207036
467,3.27138133512279
468,3.27136497825701
469,3.27134862147301
470,3.2713322647708
471,3.27131590815036
472,3.27129955161172
473,3.27128319515485
474,3.27126683877976
475,3.27125048248646
476,3.27154490827885
477,3.2715285505952
478,3.27151219299334
479,3.27149583547327
480,3.27147947803499
481,3.27146312067849
482,3.27144676340378
483,3.27143040621085
484,3.27141404909971
485,3.27139769207036
486,3.27138133512279
487,3.27136497825701
488,3.27134862147301
489,3.2713322647708
490,3.27131590815036
491,3.27129955161172
492,3.27128319515485
493,3.27126683877976
494,3.27125048248646
495,3.27154490827885
496,3.2715285505952
497,3.27151219299334
498,3.27149583547327
499,3.27147947803499
500,3.27146312067849
501,3.27144676340378
502,3.27143040621085
503,3.27141404909971
504,3.27139769207036
505,3.27138133512279
506,3.27136497825701
507,3.27134862147301
508,3.2713322647708
509,3.27131590815036
510,3.27129955161172
511,3.27128319515485
512,3.27126683877976
513,3.27125048248646
514,3.27154490827885
515,3.2715285505952
516,3.27151219299334
517,3.27149583547327
518,3.27147947803499
519,3.27146312067849
520,3.27144676340378
521,3.27143040621085
522,3.27141404909971
523,3.27139769207036
524,3.27138133512279
525,3.27136497825701
526,3.27134862147301
527,3.2713322647708
528,3.27131590815036
529,3.27129955161172
530,3.27128319515485
531,3.27126683877976
532,3.27125048248646
533,3.27154490827885
534,3.2715285505952
535,3.27151219299334
536,3.27149583547327
537,3.27147947803499
538,3.27146312067849
539,3.27144676340378
540,3.27143040621085
541,3.27141404909971
542,3.27139769207036
543,3.27138133512279
544,3.27136497825701
545,3.27134862147301
546,3.2713322647708
547,3.27131590815036
548,3.27129955161172
549,3.27128319515485
550,3.27126683877976
551,3.27125048248646
552,3.27154490827885
553,3.2715285505952
554,3.27151219299334
555,3.27149583547327
556,3.27147947803499
557,3.27146312067849
558,3.27144676340378
559,3.27143040621085
560,3.27141404909971
561,3.27139769207036
562,3.27138133512279
563,3.27136497825701
564,3.27134862147301
565,3.2713322647708
566,3.27131590815036
567,3.27129955161172
568,3.27128319515485
569,3.27126683877976
570,3.27125048248646
571,3.27154490827885
572,3.2715285505952
573,3.27151219299334
574,3.27149583547327
575,3.27147947803499
576,3.27146312067849
577,3.27144676340378
578,3.27143040621085
579,3.27141404909971
580,3.27139769207036
581,3.27138133512279
582,3.27136497825701
583,3.27134862147301
584,3.2713322647708
585,3.27131590815036
586,3.27129955161172
587,3.27128319515485
588,3.27126683877976
589,3.27125048248646
590,3.27154490827885
591,3.2715285505952
592,3.27151219299334
593,3.27149583547327
594,3.27147947803499
595,3.27146312067849
596,3.27144676340378
597,3.27143040621085
598,3.27141404909971
599,3.27139769207036
600,3.27138133512279
601,3.27136497825701
602,3.27134862147301
603,3.2713322647708
604,3.27131590815036
605,3.27129955161172
606,3.27128319515485
607,3.27126683877976
608,3.27125048248646
609,3.27154490827885
610,3.2715285505952
611,3.27151219299334
612,3.27149583547327
613,3.27147947803499
614,3.27146312067849
615,3.27144676340378
616,3.27143040621085
617,3.27141404909971
618,3.27139769207036
619,3.27138133512279
620,3.27136497825701
621,3.27134862147301
622,3.2713322647708
623,3.27131590815036
624,3.27129955161172
625,3.27128319515485
626,3.27126683877976
627,3.27125048248646
628,3.27154490827885
629,3.2715285505952
630,3.27151219299334
631,3.27149583547327
632,3.27147947803499
633,3.27146312067849
634,3.27144676340378
635,3.27143040621085
636,3.27141404909971
637,3.27139769207036
638,3.27138133512279
639,3.27136497825701
640,3.27134862147301
641,3.2713322647708
642,3.27131590815036
643,3.27129955161172
644,3.27128319515485
645,3.27126683877976
646,3.27125048248646
647,3.27154490827885
648,3.2715285505952
649,3.27151219299334
650,3.27149583547327
651,3.27147947803499
652,3.27146312067849
653,3.27144676340378
654,3.27143040621085
655,3.27141404909971
656,3.27139769207036
657,3.27138133512279
658,3.27136497825701
659,3.27134862147301
660,3.2713322647708
661,3.27131590815036
662,3.27129955161172
663,3.27128319515485
664,3.27126683877976
665,3.27125048248646
666,3.27154490827885
667,3.2715285505952
668,3.27151219299334
669,3.27149583547327
670,3.27147947803499
671,3.27146312067849
672,3.27144676340378
673,3.27143040621085
674,3.27141404909971
675,3.27139769207036
676,3.27138133512279
677,3.27136497825701
678,3.27134862147301
679,3.2713322647708
680,3.27131590815036
681,3.27129955161172
682,3.27128319515485
683,3.27126683877976
684,3.27125048248646
685,3.27154490827885
686,3.2715285505952
687,3.27151219299334
688,3.27149583547327
689,3.27147947803499
690,3.27146312067849
691,3.27144676340378
692,3.27143040621085
693,3.27141404909971
694,3.27139769207036
695,3.27138133512279
696,3.27136497825701
697,3.27134862147301
698,3.2713322647708
699,3.27131590815036
700,3.27129955161172
701,3.27128319515485
702,3.27126683877976
703,3.27125048248646
704,3.27154490827885
705,3.2715285505952
706,3.27151219299334
707,3.27149583547327
708,3.27147947803499
709,3.27146312067849
710,3.27144676340378
711,3.27143040621085
712,3.27141404909971
713,3.27139769207036
714,3.27138133512279
715,3.27136497825701
716,3.27134862147301
717,3.2713322647708
718,3.27131590815036
719,3.27129955161172
720,3.27128319515485
721,3.27126683877976
722,3.27125048248646
723,3.27154490827885
724,3.2715285505952
725,3.27151219299334
726,3.27149583547327
727,3.27147947803499
728,3.27146312067849
729,3.27144676340378
730,3.27143040621085
731,3.27141404909971
732,3.27139769207036
733,3.27138133512279
734,3.27136497825701
735,3.27134862147301
736,3.2713322647708
737,3.27131590815036
738,3.27129955161172
739,3.27128319515485
740,3.27126683877976
741,3.27125048248646
742,3.27154490827885
743,3.2715285505952
744,3.27151219299334
745,3.27149583547327
746,3.27147947803499
747,3.27146312067849
748,3.27144676340378
749,3.27143040621085
750,3.27141404909971
751,3.27139769207036
752,3.27138133512279
753,3.27136497825701
754,3.27134862147301
755,3.2713322647708
756,3.27131590815036
757,3.27129955161172
758,3.27128319515485
759,3.27126683877976
760,3.27125048248646
761,3.27154490827885
762,3.2715285505952
763,3.27151219299334
764,3.27149583547327
765,3.27147947803499
766,3.27146312067849
767,3.27144676340378
768,3.27143040621085
769,3.27141404909971
770,3.27139769207036
771,3.27138133512279
772,3.27136497825701
773,3.27134862147301
774,3.2713322647708
775,3.27131590815036
776,3.27129955161172
777,3.27128319515485
778,3.27126683877976
779,3.27125048248646
780,3.27154490827885
781,3.2715285505952
782,3.27151219299334
783,3.27149583547327
784,3.27147947803499
785,3.27146312067849
786,3.27144676340378
787,3.27143040621085
788,3.27141404909971
789,3.27139769207036
790,3.27138133512279
791,3.27136497825701
792,3.27134862147301
793,3.2713322647708
794,3.27131590815036
795,3.27129955161172
796,3.27128319515485
797,3.27126683877976
798,3.27125048248646
799,3.27154490827885
800,3.2715285505952
801,3.27151219299334
802,3.27149583547327
803,3.27147947803499
804,3.27146312067849
805,3.27144676340378
806,3.27143040621085
807,3.27141404909971
808,3.27139769207036
809,3.27138133512279
810,3.27136497825701
811,3.27134862147301
812,3.2713322647708
813,3.27131590815036
814,3.27129955161172
815,3.27128319515485
816,3.27126683877976
817,3.27125048248646
818,3.27154490827885
819,3.2715285505952
820,3.27151219299334
821,3.27149583547327
822,3.27147947803499
823,3.27146312067849
824,3.27144676340378
825,3.27143040621085
826,3.27141404909971
827,3.27139769207036
828,3.27138133512279
829,3.27136497825701
830,3.27134862147301
831,3.2713322647708
832,3.27131590815036
833,3.27129955161172
834,3.27128319515485
835,3.27126683877976
836,3.27125048248646
837,3.27154490827885
838,3.2715285505952
839,3.27151219299334
840,3.27149583547327
841,3.27147947803499
842,3.27146312067849
843,3.27144676340378
844,3.27143040621085
845,3.27141404909971
846,3.27139769207036
847,3.27138133512279
848,3.27136497825701
849,3.27134862147301
850,3.2713322647708
851,3.27131590815036
852,3.27129955161172
853,3.27128319515485
854,3.27126683877976
855,3.27125048248646
856,3.27154490827885
857,3.2715285505952
858,3.27151219299334
859,3.27149583547327
860,3.27147947803499
861,3.27146312067849
862,3.27144676340378
863,3.27143040621085
864,3.27141404909971
865,3.27139769207036
866,3.27138133512279
867,3.27136497825701
868,3.27134862147301
869,3.2713322647708
870,3.27131590815036
871,3.27129955161172
872,3.27128319515485
873,3.27126683877976
874,3.27125048248646
875,3.27154490827885
876,3.2715285505952
877,3.27151219299334
878,3.27149583547327
879,3.27147947803499
880,3.27146312067849
881,3.27144676340378
882,3.27143040621085
883,3.27141404909971
884,3.27139769207036
885,3.27138133512279
886,3.27136497825701
887,3.27134862147301
888,3.2713322647708
889,3.27131590815036
890,3.27129955161172
891,3.27128319515485
892,3.27126683877976
893,3.27125048248646
894,3.27154490827885
895,3.2715285505952
896,3.27151219299334
897,3.27149583547327
898,3.27147947803499
899,3.27146312067849
900,3.27144676340378
901,3.27143040621085
902,3.27141404909971
903,3.27139769207036
904,3.27138133512279
905,3.27136497825701
906,3.27134862147301
907,3.2713322647708
908,3.27131590815036
909,3.27129955161172
910,3.27128319515485
911,3.27126683877976
912,3.27125048248646
913,3.27154490827885
914,3.2715285505952
915,3.27151219299334
916,3.27149583547327
917,3.27147947803499
918,3.27146312067849
919,3.27144676340378
920,3.27143040621085
921,3.27141404909971
922,3.27139769207036
923,3.27138133512279
924,3.27136497825701
925,3.27134862147301
926,3.2713322647708
927,3.27131590815036
928,3.27129955161172
929,3.27128319515485
930,3.27126683877976
931,3.27125048248646
932,3.27154490827885
933,3.2715285505952
934,3.27151219299334
935,3.27149583547327
936,3.27147947803499
937,3.27146312067849
938,3.27144676340378
939,3.27143040621085
940,3.27141404909971
941,3.27139769207036
942,3.27138133512279
943,3.27136497825701
944,3.27134862147301
945,3.2713322647708
946,3.27131590815036
947,3.27129955161172
948,3.27128319515485
949,3.27126683877976
950,3.27125048248646
951,3.27154490827885
952,3.2715285505952
953,3.27151219299334
954,3.27149583547327
955,3.27147947803499
956,3.27146312067849
957,3.27144676340378
958,3.27143040621085
959,3.27141404909971
960,3.27139769207036
961,3.27138133512279
962,3.27136497825701
963,3.27134862147301
964,3.2713322647708
965,3.27131590815036
966,3.27129955161172
967,3.27128319515485
968,3.27126683877976
969,3.27125048248646
970,1.89514911079054
971,1.89513963506868
972,1.89513015939419
973,1.89512068376708
974,1.89511120818735
975,1.895101732655
976,1.89509225717003
977,1.89508278173243
978,1.89507330634221
979,1.89506383099937
980,1.8950543557039
981,1.89504488045581
982,1.8950354052551
983,1.89502593010176
984,1.8950164549958
985,1.89500697993721
986,1.894997504926
987,1.89498802996216
988,1.8949785550457
989,1.89514911079054
990,1.89513963506868
991,1.89513015939419
992,1.89512068376708
993,1.89511120818735
994,1.895101732655
995,1.89509225717003
996,1.89508278173243
997,1.89507330634221
998,1.89506383099937
999,1.8950543557039
1000,1.89504488045581
1001,1.8950354052551
1002,1.89502593010176
1003,1.8950164549958
1004,1.89500697993721
1005,1.894997504926
1006,1.89498802996216
1007,1.8949785550457
1008,1.89514911079054
1009,1.89513963506868
1010,1.89513015939419
1011,1.89512068376708
1012,1.89511120818735
1013,1.895101732655
1014,1.89509225717003
1015,1.89508278173243
1016,1.89507330634221
1017,1.89506383099937
1018,1.8950543557039
1019,1.89504488045581
1020,1.8950354052551
1021,1.89502593010176
1022,1.8950164549958
1023,1.89500697993721
1024,1.894997504926
1025,1.89498802996216
1026,1.8949785550457
1027,1.89514911079054
1028,1.89513963506868
1029,1.89513015939419
1030,1.89512068376708
1031,1.89511120818735
1032,1.895101732655
1033,1.89509225717003
1034,1.89508278173243
1035,1.89507330634221
1036,1.89506383099937
1037,1.8950543557039
1038,1.89504488045581
1039,1.8950354052551
1040,1.89502593010176
1041,1.8950164549958
1042,1.89500697993721
1043,1.894997504926
1044,1.89498802996216
1045,1.8949785550457
1046,1.89514911079054
1047,1.89513963506868
1048,1.89513015939419
1049,1.89512068376708
1050,1.89511120818735
1051,1.895101732655
1052,1.89509225717003
1053,1.89508278173243
1054,1.89507330634221
1055,1.89506383099937
1056,1.8950543557039
1057,1.89504488045581
1058,1.8950354052551
1059,1.89502593010176
1060,1.8950164549958
1061,1.89500697993721
1062,1.894997504926
1063,1.89498802996216
1064,1.8949785550457
1065,1.89514911079054
1066,1.89513963506868
1067,1.89513015939419
1068,1.89512068376708
1069,1.89511120818735
1070,1.895101732655
1071,1.89509225717003
1072,1.89508278173243
1073,1.89507330634221
1074,1.89506383099937
1075,1.8950543557039
1076,1.89504488045581
1077,1.8950354052551
1078,1.89502593010176
1079,1.8950164549958
1080,1.89500697993721
1081,1.894997504926
1082,1.89498802996216
1083,1.8949785550457
1084,1.89514911079054
1085,1.89513963506868
1086,1.89513015939419
1087,1.89512068376708
1088,1.89511120818735
1089,1.895101732655
1090,1.89509225717003
1091,1.89508278173243
1092,1.89507330634221
1093,1.89506383099937
1094,1.8950543557039
1095,1.89504488045581
1096,1.8950354052551
1097,1.89502593010176
1098,1.8950164549958
1099,1.89500697993721
1100,1.894997504926
1101,1.89498802996216
1102,1.8949785550457
1103,1.89514911079054
1104,1.89513963506868
1105,1.89513015939419
1106,1.89512068376708
1107,1.89511120818735
1108,1.895101732655
1109,1.89509225717003
1110,1.89508278173243
1111,1.89507330634221
1112,1.89506383099937
1113,1.8950543557039
1114,1.89504488045581
1115,1.8950354052551
1116,1.89502593010176
1117,1.8950164549958
1118,1.89500697993721
1119,1.894997504926
1120,1.89498802996216
1121,1.8949785550457
1122,1.89514911079054
1123,1.89513963506868
1124,1.89513015939419
1125,1.89512068376708
1126,1.89511120818735
1127,1.895101732655
1128,1.89509225717003
1129,1.89508278173243
1130,1.89507330634221
1131,1.89506383099937
1132,1.8950543557039
1133,1.89504488045581
1134,1.8950354052551
1135,1.89502593010176
1136,1.8950164549958
1137,1.89500697993721
1138,1.894997504926
1139,1.89498802996216
1140,1.8949785550457
1141,1.89514911079054
1142,1.89513963506868
1143,1.89513015939419
1144,1.89512068376708
1145,1.89511120818735
1146,1.895101732655
1147,1.89509225717003
1148,1.89508278173243
1149,1.89507330634221
1150,1.89506383099937
1151,1.8950543557039
1152,1.89504488045581
1153,1.8950354052551
1154,1.89502593010176
1155,1.8950164549958
1156,1.89500697993721
1157,1.894997504926
1158,1.89498802996216
1159,1.8949785550457
1160,1.89514911079054
1161,1.89513963506868
1162,1.89513015939419
1163,1.89512068376708
1164,1.89511120818735
1165,1.895101732655
1166,1.89509225717003
1167,1.89508278173243
1168,1.89507330634221
1169,1.89506383099937
1170,1.8950543557039
1171,1.89504488045581
1172,1.8950354052551
1173,1.89502593010176
1174,1.8950164549958
1175,1.89500697993721
1176,1.894997504926
1177,1.89498802996216
1178,1.8949785550457
1179,1.89514911079054
1180,1.89513963506868
1181,1.89513015939419
1182,1.89512068376708
1183,1.89511120818735
1184,1.895101732655
1185,1.89509225717003
1186,1.89508278173243
1187,1.89507330634221
1188,1.89506383099937
1189,1.8950543557039
1190,1.89504488045581
1191,1.8950354052551
1192,1.89502593010176
1193,1.8950164549958
1194,1.89500697993721
1195,1.894997504926
1196,1.89498802996216
1197,1.8949785550457
1198,1.89514911079054
1199,1.89513963506868
1200,1.89513015939419
1201,1.89512068376708
1202,1.89511120818735
1203,1.895101732655
1204,1.89509225717003
1205,1.89508278173243
1206,1.89507330634221
1207,1.89506383099937
1208,1.8950543557039
1209,1.89504488045581
1210,1.8950354052551
1211,1.89502593010176
1212,1.8950164549958
1213,1.89500697993721
1214,1.894997504926
1215,1.89498802996216
1216,1.8949785550457
1217,1.89514911079054
1218,1.89513963506868
1219,1.89513015939419
1220,1.89512068376708
1221,1.89511120818735
1222,1.895101732655
1223,1.89509225717003
1224,1.89508278173243
1225,1.89507330634221
1226,1.89506383099937
1227,1.8950543557039
1228,1.89504488045581
1229,1.8950354052551
1230,1.89502593010176
1231,1.8950164549958
1232,1.89500697993721
1233,1.894997504926
1234,1.89498802996216
1235,1.8949785550457
1236,1.89514911079054
1237,1.89513963506868
1238,1.89513015939419
1239,1.89512068376708
1240,1.89511120818735
1241,1.895101732655
1242,1.89509225717003
1243,1.89508278173243
1244,1.89507330634221
1245,1.89506383099937
1246,1.8950543557039
1247,1.89504488045581
1248,1.8950354052551
1249,1.89502593010176
1250,1.8950164549958
1251,1.89500697993721
1252,1.894997504926
1253,1.89498802996216
1254,1.8949785550457
1255,1.89514911079054
1256,1.89513963506868
1257,1.89513015939419
1258,1.89512068376708
1259,1.89511120818735
1260,1.895101732655
1261,1.89509225717003
1262,1.89508278173243
1263,1.89507330634221
1264,1.89506383099937
1265,1.8950543557039
1266,1.89504488045581
1267,1.8950354052551
1268,1.89502593010176
1269,1.8950164549958
1270,1.89500697993721
1271,1.894997504926
1272,1.89498802996216
1273,1.8949785550457
1274,1.89514911079054
1275,1.89513963506868
1276,1.89513015939419
1277,1.89512068376708
1278,1.89511120818735
1279,1.895101732655
1280,1.89509225717003
1281,1.89508278173243
1282,1.89507330634221
1283,1.89506383099937
1284,1.8950543557039
1285,1.89504488045581
1286,1.8950354052551
1287,1.89502593010176
1288,1.8950164549958
1289,1.89500697993721
1290,1.894997504926
1291,1.89498802996216
1292,1.8949785550457
1293,1.89514911079054
1294,1.89513963506868
1295,1.89513015939419
1296,1.89512068376708
1297,1.89511120818735
1298,1.895101732655
1299,1.89509225717003
1300,1.89508278173243
1301,1.89507330634221
1302,1.89506383099937
1303,1.8950543557039
1304,1.89504488045581
1305,1.8950354052551
1306,1.89502593010176
1307,1.8950164549958
1308,1.89500697993721
1309,1.894997504926
1310,1.89498802996216
1311,1.8949785550457
1312,1.89514911079054
1313,1.89513963506868
1314,1.89513015939419
1315,1.89512068376708
1316,1.89511120818735
1317,1.895101732655
1318,1.89509225717003
1319,1.89508278173243
1320,1.89507330634221
1321,1.89506383099937
1322,1.8950543557039
1323,1.89504488045581
1324,1.8950354052551
1325,1.89502593010176
1326,1.8950164549958
1327,1.89500697993721
1328,1.894997504926
1329,1.89498802996216
1330,1.8949785550457
1331,1.89514911079054
1332,1.89513963506868
1333,1.89513015939419
1334,1.89512068376708
1335,1.89511120818735
1336,1.895101732655
1337,1.89509225717003
1338,1.89508278173243
1339,1.89507330634221
1340,1.89506383099937
1341,1.8950543557039
1342,1.89504488045581
1343,1.8950354052551
1344,1.89502593010176
1345,1.8950164549958
1346,1.89500697993721
1347,1.894997504926
1348,1.89498802996216
1349,1.8949785550457
1350,1.89514911079054
1351,1.89513963506868
1352,1.89513015939419
1353,1.89512068376708
1354,1.89511120818735
1355,1.895101732655
1356,1.89509225717003
1357,1.89508278173243
1358,1.89507330634221
1359,1.89506383099937
1360,1.8950543557039
1361,1.89504488045581
1362,1.8950354052551
1363,1.89502593010176
1364,1.8950164549958
1365,1.89500697993721
1366,1.894997504926
1367,1.89498802996216
1368,1.8949785550457
1369,1.89514911079054
1370,1.89513963506868
1371,1.89513015939419
1372,1.89512068376708
1373,1.89511120818735
1374,1.895101732655
1375,1.89509225717003
1376,1.89508278173243
1377,1.89507330634221
1378,1.89506383099937
1379,1.8950543557039
1380,1.89504488045581
1381,1.8950354052551
1382,1.89502593010176
1383,1.8950164549958
1384,1.89500697993721
1385,1.894997504926
1386,1.89498802996216
1387,1.8949785550457
1388,1.89514911079054
1389,1.89513963506868
1390,1.89513015939419
1391,1.89512068376708
1392,1.89511120818735
1393,1.895101732655
1394,1.89509225717003
1395,1.89508278173243
1396,1.89507330634221
1397,1.89506383099937
1398,1.8950543557039
1399,1.89504488045581
1400,1.8950354052551
1401,1.89502593010176
1402,1.8950164549958
1403,1.89500697993721
1404,1.894997504926
1405,1.89498802996216
1406,1.8949785550457
1407,1.89514911079054
1408,1.89513963506868
1409,1.89513015939419
1410,1.89512068376708
1411,1.89511120818735
1412,1.895101732655
1413,1.89509225717003
1414,1.89508278173243
1415,1.89507330634221
1416,1.89506383099937
1417,1.8950543557039
1418,1.89504488045581
1419,1.8950354052551
1420,1.89502593010176
1421,1.8950164549958
1422,1.89500697993721
1423,1.894997504926
1424,1.89498802996216
1425,1.8949785550457
1426,1.89514911079054
1427,1.89513963506868
1428,1.89513015939419
1429,1.89512068376708
1430,1.89511120818735
1431,1.895101732655
1432,1.89509225717003
1433,1.89508278173243
1434,1.89507330634221
1435,1.89506383099937
1436,1.8950543557039
1437,1.89504488045581
1438,1.8950354052551
1439,1.89502593010176
1440,1.8950164549958
1441,1.89500697993721
1442,1.894997504926
1443,1.89498802996216
1444,1.8949785550457
1445,1.89514911079054
1446,1.89513963506868
1447,1.89513015939419
1448,1.89512068376708
1449,1.89511120818735
1450,1.895101732655
1451,1.89509225717003
1452,1.89508278173243
1453,1.89507330634221
1454,1.89506383099937
1455,1.8950543557039
1456,1.89504488045581
1457,1.8950354052551
1458,1.89502593010176
1459,1.8950164549958
1460,1.89500697993721
1461,1.894997504926
1462,1.89498802996216
1463,1.8949785550457
1464,1.89514911079054
1465,1.89513963506868
1466,1.89513015939419
1467,1.89512068376708
1468,1.89511120818735
1469,1.895101732655
1470,1.89509225717003
1471,1.89508278173243
1472,1.89507330634221
1473,1.89506383099937
1474,1.8950543557039
1475,1.89504488045581
1476,1.8950354052551
1477,1.89502593010176
1478,1.8950164549958
1479,1.89500697993721
1480,1.894997504926
1481,1.89498802996216
1482,1.8949785550457
1483,2.78586861964779
1484,2.78585469033952
1485,2.78584076110089
1486,2.7858268319319
1487,2.78581290283257
1488,2.78579897380288
1489,2.78578504484283
1490,2.78577111595242
1491,2.78575718713167
1492,2.78574325838056
1493,2.78572932969908
1494,2.78571540108726
1495,2.78570147254508
1496,2.78568754407253
1497,2.78567361566963
1498,2.78565968733638
1499,2.78564575907276
1500,2.78563183087879
1501,2.78561790275445
1502,2.78586861964779
1503,2.78585469033952
1504,2.78584076110089
1505,2.7858268319319
1506,2.78581290283257
1507,2.78579897380288
1508,2.78578504484283
1509,2.78577111595242
1510,2.78575718713167
1511,2.78574325838056
1512,2.78572932969908
1513,2.78571540108726
1514,2.78570147254508
1515,2.78568754407253
1516,2.78567361566963
1517,2.78565968733638
1518,2.78564575907276
1519,2.78563183087879
1520,2.78561790275445
1521,2.78586861964779
1522,2.78585469033952
1523,2.78584076110089
1524,2.7858268319319
1525,2.78581290283257
1526,2.78579897380288
1527,2.78578504484283
1528,2.78577111595242
1529,2.78575718713167
1530,2.78574325838056
1531,2.78572932969908
1532,2.78571540108726
1533,2.78570147254508
1534,2.78568754407253
1535,2.78567361566963
1536,2.78565968733638
1537,2.78564575907276
1538,2.78563183087879
1539,2.78561790275445
1540,2.78586861964779
1541,2.78585469033952
1542,2.78584076110089
1543,2.7858268319319
1544,2.78581290283257
1545,2.78579897380288
1546,2.78578504484283
1547,2.78577111595242
1548,2.78575718713167
1549,2.78574325838056
1550,2.78572932969908
1551,2.78571540108726
1552,2.78570147254508
1553,2.78568754407253
1554,2.78567361566963
1555,2.78565968733638
1556,2.78564575907276
1557,2.78563183087879
1558,2.78561790275445
1559,2.78586861964779
1560,2.78585469033952
1561,2.78584076110089
1562,2.7858268319319
1563,2.78581290283257
1564,2.78579897380288
1565,2.78578504484283
1566,2.78577111595242
1567,2.78575718713167
1568,2.78574325838056
1569,2.78572932969908
1570,2.78571540108726
1571,2.78570147254508
1572,2.78568754407253
1573,2.78567361566963
1574,2.78565968733638
1575,2.78564575907276
1576,2.78563183087879
1577,2.78561790275445
1578,2.78586861964779
1579,2.78585469033952
1580,2.78584076110089
1581,2.7858268319319
1582,2.78581290283257
1583,2.78579897380288
1584,2.78578504484283
1585,2.78577111595242
1586,2.78575718713167
1587,2.78574325838056
1588,2.78572932969908
1589,2.78571540108726
1590,2.78570147254508
1591,2.78568754407253
1592,2.78567361566963
1593,2.78565968733638
1594,2.78564575907276
1595,2.78563183087879
1596,2.78561790275445
1597,2.78586861964779
1598,2.78585469033952
1599,2.78584076110089
1600,2.7858268319319
1601,2.78581290283257
1602,2.78579897380288
1603,2.78578504484283
1604,2.78577111595242
1605,2.78575718713167
1606,2.78574325838056
1607,2.78572932969908
1608,2.78571540108726
1609,2.78570147254508
1610,2.78568754407253
1611,2.78567361566963
1612,2.78565968733638
1613,2.78564575907276
1614,2.78563183087879
1615,2.78561790275445
1616,2.78586861964779
1617,2.78585469033952
1618,2.78584076110089
1619,2.7858268319319
1620,2.78581290283257
1621,2.78579897380288
1622,2.78578504484283
1623,2.78577111595242
1624,2.78575718713167
1625,2.78574325838056
1626,2.78572932969908
1627,2.78571540108726
1628,2.78570147254508
1629,2.78568754407253
1630,2.78567361566963
1631,2.78565968733638
1632,2.78564575907276
1633,2.78563183087879
1634,2.78561790275445
1635,2.78586861964779
1636,2.78585469033952
1637,2.78584076110089
1638,2.7858268319319
1639,2.78581290283257
1640,2.78579897380288
1641,2.78578504484283
1642,2.78577111595242
1643,2.78575718713167
1644,2.78574325838056
1645,2.78572932969908
1646,2.78571540108726
1647,2.78570147254508
1648,2.78568754407253
1649,2.78567361566963
1650,2.78565968733638
1651,2.78564575907276
1652,2.78563183087879
1653,2.78561790275445
1654,2.78586861964779
1655,2.78585469033952
1656,2.78584076110089
1657,2.7858268319319
1658,2.78581290283257
1659,2.78579897380288
1660,2.78578504484283
1661,2.78577111595242
1662,2.78575718713167
1663,2.78574325838056
1664,2.78572932969908
1665,2.78571540108726
1666,2.78570147254508
1667,2.78568754407253
1668,2.78567361566963
1669,2.78565968733638
1670,2.78564575907276
1671,2.78563183087879
1672,2.78561790275445
1673,2.78586861964779
1674,2.78585469033952
1675,2.78584076110089
1676,2.7858268319319
1677,2.78581290283257
1678,2.78579897380288
1679,2.78578504484283
1680,2.78577111595242
1681,2.78575718713167
1682,2.78574325838056
1683,2.78572932969908
1684,2.78571540108726
1685,2.78570147254508
1686,2.78568754407253
1687,2.78567361566963
1688,2.78565968733638
1689,2.78564575907276
1690,2.78563183087879
1691,2.78561790275445
1692,2.78586861964779
1693,2.78585469033952
1694,2.78584076110089
1695,2.7858268319319
1696,2.78581290283257
1697,2.78579897380288
1698,2.78578504484283
1699,2.78577111595242
1700,2.78575718713167
1701,2.78574325838056
1702,2.78572932969908
1703,2.78571540108726
1704,2.78570147254508
1705,2.78568754407253
1706,2.78567361566963
1707,2.78565968733638
1708,2.78564575907276
1709,2.78563183087879
1710,2.78561790275445
1711,2.78586861964779
1712,2.78585469033952
1713,2.78584076110089
1714,2.7858268319319
1715,2.78581290283257
1716,2.78579897380288
1717,2.78578504484283
1718,2.78577111595242
1719,2.78575718713167
1720,2.78574325838056
1721,2.78572932969908
1722,2.78571540108726
1723,2.78570147254508
1724,2.78568754407253
1725,2.78567361566963
1726,2.78565968733638
1727,2.78564575907276
1728,2.78563183087879
1729,2.78561790275445
1730,2.78586861964779
1731,2.78585469033952
1732,2.78584076110089
1733,2.7858268319319
1734,2.78581290283257
1735,2.78579897380288
1736,2.78578504484283
1737,2.78577111595242
1738,2.78575718713167
1739,2.78574325838056
1740,2.78572932969908
1741,2.78571540108726
1742,2.78570147254508
1743,2.78568754407253
1744,2.78567361566963
1745,2.78565968733638
1746,2.78564575907276
1747,2.78563183087879
1748,2.78561790275445
1749,2.78586861964779
1750,2.78585469033952
1751,2.78584076110089
1752,2.7858268319319
1753,2.78581290283257
1754,2.78579897380288
1755,2.78578504484283
1756,2.78577111595242
1757,2.78575718713167
1758,2.78574325838056
1759,2.78572932969908
1760,2.78571540108726
1761,2.78570147254508
1762,2.78568754407253
1763,2.78567361566963
1764,2.78565968733638
1765,2.78564575907276
1766,2.78563183087879
1767,2.78561790275445
1768,2.78586861964779
1769,2.78585469033952
1770,2.78584076110089
1771,2.7858268319319
1772,2.78581290283257
1773,2.78579897380288
1774,2.78578504484283
1775,2.78577111595242
1776,2.78575718713167
1777,2.78574325838056
1778,2.78572932969908
1779,2.78571540108726
1780,2.78570147254508
1781,2.78568754407253
1782,2.78567361566963
1783,2.78565968733638
1784,2.78564575907276
1785,2.78563183087879
1786,2.78561790275445
1787,2.78586861964779
1788,2.78585469033952
1789,2.78584076110089
1790,2.7858268319319
1791,2.78581290283257
1792,2.78579897380288
1793,2.78578504484283
1794,2.78577111595242
1795,2.78575718713167
1796,2.78574325838056
1797,2.78572932969908
1798,2.78571540108726
1799,2.78570147254508
1800,2.78568754407253
1801,2.78567361566963
1802,2.78565968733638
1803,2.78564575907276
1804,2.78563183087879
1805,2.78561790275445
1806,2.78586861964779
1807,2.78585469033952
1808,2.78584076110089
1809,2.7858268319319
1810,2.78581290283257
1811,2.78579897380288
1812,2.78578504484283
1813,2.78577111595242
1814,2.78575718713167
1815,2.78574325838056
1816,2.78572932969908
1817,2.78571540108726
1818,2.78570147254508
1819,2.78568754407253
1820,2.78567361566963
1821,2.78565968733638
1822,2.78564575907276
1823,2.78563183087879
1824,2.78561790275445
1825,2.78586861964779
1826,2.78585469033952
1827,2.78584076110089
1828,2.7858268319319
1829,2.78581290283257
1830,2.78579897380288
1831,2.78578504484283
1832,2.78577111595242
1833,2.78575718713167
1834,2.78574325838056
1835,2.78572932969908
1836,2.78571540108726
1837,2.78570147254508
1838,2.78568754407253
1839,2.78567361566963
1840,2.78565968733638
1841,2.78564575907276
1842,2.78563183087879
1843,2.78561790275445
1844,2.78586861964779
1845,2.78585469033952
1846,2.78584076110089
1847,2.7858268319319
1848,2.78581290283257
1849,2.78579897380288
1850,2.78578504484283
1851,2.78577111595242
1852,2.78575718713167
1853,2.78574325838056
1854,2.78572932969908
1855,2.78571540108726
1856,2.78570147254508
1857,2.78568754407253
1858,2.78567361566963
1859,2.78565968733638
1860,2.78564575907276
1861,2.78563183087879
1862,2.78561790275445
1863,2.78586861964779
1864,2.78585469033952
1865,2.78584076110089
1866,2.7858268319319
1867,2.78581290283257
1868,2.78579897380288
1869,2.78578504484283
1870,2.78577111595242
1871,2.78575718713167
1872,2.78574325838056
1873,2.78572932969908
1874,2.78571540108726
1875,2.78570147254508
1876,2.78568754407253
1877,2.78567361566963
1878,2.78565968733638
1879,2.78564575907276
1880,2.78563183087879
1881,2.78561790275445
1882,2.78586861964779
1883,2.78585469033952
1884,2.78584076110089
1885,2.7858268319319
1886,2.78581290283257
1887,2.78579897380288
1888,2.78578504484283
1889,2.78577111595242
1890,2.78575718713167
1891,2.78574325838056
1892,2.78572932969908
1893,2.78571540108726
1894,2.78570147254508
1895,2.78568754407253
1896,2.78567361566963
1897,2.78565968733638
1898,2.78564575907276
1899,2.78563183087879
1900,2.78561790275445
1901,2.78586861964779
1902,2.78585469033952
1903,2.78584076110089
1904,2.7858268319319
1905,2.78581290283257
1906,2.78579897380288
1907,2.78578504484283
1908,2.78577111595242
1909,2.78575718713167
1910,2.78574325838056
1911,2.78572932969908
1912,2.78571540108726
1913,2.78570147254508
1914,2.78568754407253
1915,2.78567361566963
1916,2.78565968733638
1917,2.78564575907276
1918,2.78563183087879
1919,2.78561790275445
1920,2.78586861964779
1921,2.78585469033952
1922,2.78584076110089
1923,2.7858268319319
1924,2.78581290283257
1925,2.78579897380288
1926,2.78578504484283
1927,2.78577111595242
1928,2.78575718713167
1929,2.78574325838056
1930,2.78572932969908
1931,2.78571540108726
1932,2.78570147254508
1933,2.78568754407253
1934,2.78567361566963
1935,2.78565968733638
1936,2.78564575907276
1937,2.78563183087879
1938,2.78561790275445
1939,2.55773409250263
1940,2.55772130386414
1941,2.55770851528959
1942,2.55769572677899
1943,2.55768293833232
1944,2.5576701499496
1945,2.55765736163082
1946,2.55764457337599
1947,2.55763178518509
1948,2.55761899705813
1949,2.55760620899512
1950,2.55759342099605
1951,2.5575806330609
1952,2.55756784518971
1953,2.55755505738246
1954,2.55754226963914
1955,2.55752948195976
1956,2.55751669434432
1957,2.55750390679281
1958,2.55773409250263
1959,2.55772130386414
1960,2.55770851528959
1961,2.55769572677899
1962,2.55768293833232
1963,2.5576701499496
1964,2.55765736163082
1965,2.55764457337599
1966,2.55763178518509
1967,2.55761899705813
1968,2.55760620899512
1969,2.55759342099605
1970,2.5575806330609
1971,2.55756784518971
1972,2.55755505738246
1973,2.55754226963914
1974,2.55752948195976
1975,2.55751669434432
1976,2.55750390679281
1977,2.55773409250263
1978,2.55772130386414
1979,2.55770851528959
1980,2.55769572677899
1981,2.55768293833232
1982,2.5576701499496
1983,2.55765736163082
1984,2.55764457337599
1985,2.55763178518509
1986,2.55761899705813
1987,2.55760620899512
1988,2.55759342099605
1989,2.5575806330609
1990,2.55756784518971
1991,2.55755505738246
1992,2.55754226963914
1993,2.55752948195976
1994,2.55751669434432
1995,2.55750390679281
1996,2.55773409250263
1997,2.55772130386414
1998,2.55770851528959
1999,2.55769572677899
2000,2.55768293833232
2001,2.5576701499496
2002,2.55765736163082
2003,2.55764457337599
2004,2.55763178518509
2005,2.55761899705813
2006,2.55760620899512
2007,2.55759342099605
2008,2.5575806330609
2009,2.55756784518971
2010,2.55755505738246
2011,2.55754226963914
2012,2.55752948195976
2013,2.55751669434432
2014,2.55750390679281
2015,2.55773409250263
2016,2.55772130386414
2017,2.55770851528959
2018,2.55769572677899
2019,2.55768293833232
2020,2.5576701499496
2021,2.55765736163082
2022,2.55764457337599
2023,2.55763178518509
2024,2.55761899705813
2025,2.55760620899512
2026,2.55759342099605
2027,2.5575806330609
2028,2.55756784518971
2029,2.55755505738246
2030,2.55754226963914
2031,2.55752948195976
2032,2.55751669434432
2033,2.55750390679281
2034,2.55773409250263
2035,2.55772130386414
2036,2.55770851528959
2037,2.55769572677899
2038,2.55768293833232
2039,2.5576701499496
2040,2.55765736163082
2041,2.55764457337599
2042,2.55763178518509
2043,2.55761899705813
2044,2.55760620899512
2045,2.55759342099605
2046,2.5575806330609
2047,2.55756784518971
2048,2.55755505738246
2049,2.55754226963914
2050,2.55752948195976
2051,2.55751669434432
2052,2.55750390679281
2053,2.55773409250263
2054,2.55772130386414
2055,2.55770851528959
2056,2.55769572677899
2057,2.55768293833232
2058,2.5576701499496
2059,2.55765736163082
2060,2.55764457337599
2061,2.55763178518509
2062,2.55761899705813
2063,2.55760620899512
2064,2.55759342099605
2065,2.5575806330609
2066,2.55756784518971
2067,2.55755505738246
2068,2.55754226963914
2069,2.55752948195976
2070,2.55751669434432
2071,2.55750390679281
2072,2.55773409250263
2073,2.55772130386414
2074,2.55770851528959
2075,2.55769572677899
2076,2.55768293833232
2077,2.5576701499496
2078,2.55765736163082
2079,2.55764457337599
2080,2.55763178518509
2081,2.55761899705813
2082,2.55760620899512
2083,2.55759342099605
2084,2.5575806330609
2085,2.55756784518971
2086,2.55755505738246
2087,2.55754226963914
2088,2.55752948195976
2089,2.55751669434432
2090,2.55750390679281
2091,2.55773409250263
2092,2.55772130386414
2093,2.55770851528959
2094,2.55769572677899
2095,2.55768293833232
2096,2.5576701499496
2097,2.55765736163082
2098,2.55764457337599
2099,2.55763178518509
2100,2.55761899705813
2101,2.55760620899512
2102,2.55759342099605
2103,2.5575806330609
2104,2.55756784518971
2105,2.55755505738246
2106,2.55754226963914
2107,2.55752948195976
2108,2.55751669434432
2109,2.55750390679281
2110,2.55773409250263
2111,2.55772130386414
2112,2.55770851528959
2113,2.55769572677899
2114,2.55768293833232
2115,2.5576701499496
2116,2.55765736163082
2117,2.55764457337599
2118,2.55763178518509
2119,2.55761899705813
2120,2.55760620899512
2121,2.55759342099605
2122,2.5575806330609
2123,2.55756784518971
2124,2.55755505738246
2125,2.55754226963914
2126,2.55752948195976
2127,2.55751669434432
2128,2.55750390679281
2129,2.55773409250263
2130,2.55772130386414
2131,2.55770851528959
2132,2.55769572677899
2133,2.55768293833232
2134,2.5576701499496
2135,2.55765736163082
2136,2.55764457337599
2137,2.55763178518509
2138,2.55761899705813
2139,2.55760620899512
2140,2.55759342099605
2141,2.5575806330609
2142,2.55756784518971
2143,2.55755505738246
2144,2.55754226963914
2145,2.55752948195976
2146,2.55751669434432
2147,2.55750390679281
2148,2.55773409250263
2149,2.55772130386414
2150,2.55770851528959
2151,2.55769572677899
2152,2.55768293833232
2153,2.5576701499496
2154,2.55765736163082
2155,2.55764457337599
2156,2.55763178518509
2157,2.55761899705813
2158,2.55760620899512
2159,2.55759342099605
2160,2.5575806330609
2161,2.55756784518971
2162,2.55755505738246
2163,2.55754226963914
2164,2.55752948195976
2165,2.55751669434432
2166,2.55750390679281
2167,2.55773409250263
2168,2.55772130386414
2169,2.55770851528959
2170,2.55769572677899
2171,2.55768293833232
2172,2.5576701499496
2173,2.55765736163082
2174,2.55764457337599
2175,2.55763178518509
2176,2.55761899705813
2177,2.55760620899512
2178,2.55759342099605
2179,2.5575806330609
2180,2.55756784518971
2181,2.55755505738246
2182,2.55754226963914
2183,2.55752948195976
2184,2.55751669434432
2185,2.55750390679281
2186,2.55773409250263
2187,2.55772130386414
2188,2.55770851528959
2189,2.55769572677899
2190,2.55768293833232
2191,2.5576701499496
2192,2.55765736163082
2193,2.55764457337599
2194,2.55763178518509
2195,2.55761899705813
2196,2.55760620899512
2197,2.55759342099605
2198,2.5575806330609
2199,2.55756784518971
2200,2.55755505738246
2201,2.55754226963914
2202,2.55752948195976
2203,2.55751669434432
2204,2.55750390679281
2205,2.55773409250263
2206,2.55772130386414
2207,2.55770851528959
2208,2.55769572677899
2209,2.55768293833232
2210,2.5576701499496
2211,2.55765736163082
2212,2.55764457337599
2213,2.55763178518509
2214,2.55761899705813
2215,2.55760620899512
2216,2.55759342099605
2217,2.5575806330609
2218,2.55756784518971
2219,2.55755505738246
2220,2.55754226963914
2221,2.55752948195976
2222,2.55751669434432
2223,2.55750390679281
2224,2.55773409250263
2225,2.55772130386414
2226,2.55770851528959
2227,2.55769572677899
2228,2.55768293833232
2229,2.5576701499496
2230,2.55765736163082
2231,2.55764457337599
2232,2.55763178518509
2233,2.55761899705813
2234,2.55760620899512
2235,2.55759342099605
2236,2.5575806330609
2237,2.55756784518971
2238,2.55755505738246
2239,2.55754226963914
2240,2.55752948195976
2241,2.55751669434432
2242,2.55750390679281
2243,2.55773409250263
2244,2.55772130386414
2245,2.55770851528959
2246,2.55769572677899
2247,2.55768293833232
2248,2.5576701499496
2249,2.55765736163082
2250,2.55764457337599
2251,2.55763178518509
2252,2.55761899705813
2253,2.55760620899512
2254,2.55759342099605
2255,2.5575806330609
2256,2.55756784518971
2257,2.55755505738246
2258,2.55754226963914
2259,2.55752948195976
2260,2.55751669434432
2261,2.55750390679281
2262,2.55773409250263
2263,2.55772130386414
2264,2.55770851528959
2265,2.55769572677899
2266,2.55768293833232
2267,2.5576701499496
2268,2.55765736163082
2269,2.55764457337599
2270,2.55763178518509
2271,2.55761899705813
2272,2.55760620899512
2273,2.55759342099605
2274,2.5575806330609
2275,2.55756784518971
2276,2.55755505738246
2277,2.55754226963914
2278,2.55752948195976
2279,2.55751669434432
2280,2.55750390679281
2281,2.55773409250263
2282,2.55772130386414
2283,2.55770851528959
2284,2.55769572677899
2285,2.55768293833232
2286,2.5576701499496
2287,2.55765736163082
2288,2.55764457337599
2289,2.55763178518509
2290,2.55761899705813
2291,2.55760620899512
2292,2.55759342099605
2293,2.5575806330609
2294,2.55756784518971
2295,2.55755505738246
2296,2.55754226963914
2297,2.55752948195976
2298,2.55751669434432
2299,2.55750390679281
2300,2.55773409250263
2301,2.55772130386414
2302,2.55770851528959
2303,2.55769572677899
2304,2.55768293833232
2305,2.5576701499496
2306,2.55765736163082
2307,2.55764457337599
2308,2.55763178518509
2309,2.55761899705813
2310,2.55760620899512
2311,2.55759342099605
2312,2.5575806330609
2313,2.55756784518971
2314,2.55755505738246
2315,2.55754226963914
2316,2.55752948195976
2317,2.55751669434432
2318,2.55750390679281
2319,2.55773409250263
2320,2.55772130386414
2321,2.55770851528959
2322,2.55769572677899
2323,2.55768293833232
2324,2.5576701499496
2325,2.55765736163082
2326,2.55764457337599
2327,2.55763178518509
2328,2.55761899705813
2329,2.55760620899512
2330,2.55759342099605
2331,2.5575806330609
2332,2.55756784518971
2333,2.55755505738246
2334,2.55754226963914
2335,2.55752948195976
2336,2.55751669434432
2337,2.55750390679281
2338,2.55773409250263
2339,2.55772130386414
2340,2.55770851528959
2341,2.55769572677899
2342,2.55768293833232
2343,2.5576701499496
2344,2.55765736163082
2345,2.55764457337599
2346,2.55763178518509
2347,2.55761899705813
2348,2.55760620899512
2349,2.55759342099605
2350,2.5575806330609
2351,2.55756784518971
2352,2.55755505738246
2353,2.55754226963914
2354,2.55752948195976
2355,2.55751669434432
2356,2.55750390679281
2357,2.55773409250263
2358,2.55772130386414
2359,2.55770851528959
2360,2.55769572677899
2361,2.55768293833232
2362,2.5576701499496
2363,2.55765736163082
2364,2.55764457337599
2365,2.55763178518509
2366,2.55761899705813
2367,2.55760620899512
2368,2.55759342099605
2369,2.5575806330609
2370,2.55756784518971
2371,2.55755505738246
2372,2.55754226963914
2373,2.55752948195976
2374,2.55751669434432
2375,2.55750390679281
2376,1.80620637595808
2377,1.80619734494878
2378,1.80618831398463
2379,1.80617928306564
2380,1.8061702521918
2381,1.80616122136311
2382,1.80615219057959
2383,1.80614315984121
2384,1.80613412914799
2385,1.80612509849992
2386,1.806116067897
2387,1.80610703733924
2388,1.80609800682663
2389,1.80608897635917
2390,1.80607994593686
2391,1.80607091555971
2392,1.80606188522771
2393,1.80605285494086
2394,1.80604382469916
2395,1.80620637595808
2396,1.80619734494878
2397,1.80618831398463
2398,1.80617928306564
2399,1.8061702521918
2400,1.80616122136311
2401,1.80615219057959
2402,1.80614315984121
2403,1.80613412914799
2404,1.80612509849992
2405,1.806116067897
2406,1.80610703733924
2407,1.80609800682663
2408,1.80608897635917
2409,1.80607994593686
2410,1.80607091555971
2411,1.80606188522771
2412,1.80605285494086
2413,1.80604382469916
2414,1.80620637595808
2415,1.80619734494878
2416,1.80618831398463
2417,1.80617928306564
2418,1.8061702521918
2419,1.80616122136311
2420,1.80615219057959
2421,1.80614315984121
2422,1.80613412914799
2423,1.80612509849992
2424,1.806116067897
2425,1.80610703733924
2426,1.80609800682663
2427,1.80608897635917
2428,1.80607994593686
2429,1.80607091555971
2430,1.80606188522771
2431,1.80605285494086
2432,1.80604382469916
2433,1.80620637595808
2434,1.80619734494878
2435,1.80618831398463
2436,1.80617928306564
2437,1.8061702521918
2438,1.80616122136311
2439,1.80615219057959
2440,1.80614315984121
2441,1.80613412914799
2442,1.80612509849992
2443,1.806116067897
2444,1.80610703733924
2445,1.80609800682663
2446,1.80608897635917
2447,1.80607994593686
2448,1.80607091555971
2449,1.80606188522771
2450,1.80605285494086
2451,1.80604382469916
2452,1.80620637595808
2453,1.80619734494878
2454,1.80618831398463
2455,1.80617928306564
2456,1.8061702521918
2457,1.80616122136311
2458,1.80615219057959
2459,1.80614315984121
2460,1.80613412914799
2461,1.80612509849992
2462,1.806116067897
2463,1.80610703733924
2464,1.80609800682663
2465,1.80608897635917
2466,1.80607994593686
2467,1.80607091555971
2468,1.80606188522771
2469,1.80605285494086
2470,1.80604382469916
2471,1.80620637595808
2472,1.80619734494878
2473,1.80618831398463
2474,1.80617928306564
2475,1.8061702521918
2476,1.80616122136311
2477,1.80615219057959
2478,1.80614315984121
2479,1.80613412914799
2480,1.80612509849992
2481,1.806116067897
2482,1.80610703733924
2483,1.80609800682663
2484,1.80608897635917
2485,1.80607994593686
2486,1.80607091555971
2487,1.80606188522771
2488,1.80605285494086
2489,1.80604382469916
2490,1.80620637595808
2491,1.80619734494878
2492,1.80618831398463
2493,1.80617928306564
2494,1.8061702521918
2495,1.80616122136311
2496,1.80615219057959
2497,1.80614315984121
2498,1.80613412914799
2499,1.80612509849992
2500,1.806116067897
2501,1.80610703733924
2502,1.80609800682663
2503,1.80608897635917
2504,1.80607994593686
2505,1.80607091555971
2506,1.80606188522771
2507,1.80605285494086
2508,1.80604382469916
2509,1.80620637595808
2510,1.80619734494878
2511,1.80618831398463
2512,1.80617928306564
2513,1.8061702521918
2514,1.80616122136311
2515,1.80615219057959
2516,1.80614315984121
2517,1.80613412914799
2518,1.80612509849992
2519,1.806116067897
2520,1.80610703733924
2521,1.80609800682663
2522,1.80608897635917
2523,1.80607994593686
2524,1.80607091555971
2525,1.80606188522771
2526,1.80605285494086
2527,1.80604382469916
2528,1.80620637595808
2529,1.80619734494878
2530,1.80618831398463
2531,1.80617928306564
2532,1.8061702521918
2533,1.80616122136311
2534,1.80615219057959
2535,1.80614315984121
2536,1.80613412914799
2537,1.80612509849992
2538,1.806116067897
2539,1.80610703733924
2540,1.80609800682663
2541,1.80608897635917
2542,1.80607994593686
2543,1.80607091555971
2544,1.80606188522771
2545,1.80605285494086
2546,1.80604382469916
2547,1.80620637595808
2548,1.80619734494878
2549,1.80618831398463
2550,1.80617928306564
2551,1.8061702521918
2552,1.80616122136311
2553,1.80615219057959
2554,1.80614315984121
2555,1.80613412914799
2556,1.80612509849992
2557,1.806116067897
2558,1.80610703733924
2559,1.80609800682663
2560,1.80608897635917
2561,1.80607994593686
2562,1.80607091555971
2563,1.80606188522771
2564,1.80605285494086
2565,1.80604382469916
2566,1.80620637595808
2567,1.80619734494878
2568,1.80618831398463
2569,1.80617928306564
2570,1.8061702521918
2571,1.80616122136311
2572,1.80615219057959
2573,1.80614315984121
2574,1.80613412914799
2575,1.80612509849992
2576,1.806116067897
2577,1.80610703733924
2578,1.80609800682663
2579,1.80608897635917
2580,1.80607994593686
2581,1.80607091555971
2582,1.80606188522771
2583,1.80605285494086
2584,1.80604382469916
2585,1.80620637595808
2586,1.80619734494878
2587,1.80618831398463
2588,1.80617928306564
2589,1.8061702521918
2590,1.80616122136311
2591,1.80615219057959
2592,1.80614315984121
2593,1.80613412914799
2594,1.80612509849992
2595,1.806116067897
2596,1.80610703733924
2597,1.80609800682663
2598,1.80608897635917
2599,1.80607994593686
2600,1.80607091555971
2601,1.80606188522771
2602,1.80605285494086
2603,1.80604382469916
2604,1.80620637595808
2605,1.80619734494878
2606,1.80618831398463
2607,1.80617928306564
2608,1.8061702521918
2609,1.80616122136311
2610,1.80615219057959
2611,1.80614315984121
2612,1.80613412914799
2613,1.80612509849992
2614,1.806116067897
2615,1.80610703733924
2616,1.80609800682663
2617,1.80608897635917
2618,1.80607994593686
2619,1.80607091555971
2620,1.80606188522771
2621,1.80605285494086
2622,1.80604382469916
2623,1.80620637595808
2624,1.80619734494878
2625,1.80618831398463
2626,1.80617928306564
2627,1.8061702521918
2628,1.80616122136311
2629,1.80615219057959
2630,1.80614315984121
2631,1.80613412914799
2632,1.80612509849992
2633,1.806116067897
2634,1.80610703733924
2635,1.80609800682663
2636,1.80608897635917
2637,1.80607994593686
2638,1.80607091555971
2639,1.80606188522771
2640,1.80605285494086
2641,1.80604382469916
2642,1.80620637595808
2643,1.80619734494878
2644,1.80618831398463
2645,1.80617928306564
2646,1.8061702521918
2647,1.80616122136311
2648,1.80615219057959
2649,1.80614315984121
2650,1.80613412914799
2651,1.80612509849992
2652,1.806116067897
2653,1.80610703733924
2654,1.80609800682663
2655,1.80608897635917
2656,1.80607994593686
2657,1.80607091555971
2658,1.80606188522771
2659,1.80605285494086
2660,1.80604382469916
2661,1.80620637595808
2662,1.80619734494878
2663,1.80618831398463
2664,1.80617928306564
2665,1.8061702521918
2666,1.80616122136311
2667,1.80615219057959
2668,1.80614315984121
2669,1.80613412914799
2670,1.80612509849992
2671,1.806116067897
2672,1.80610703733924
2673,1.80609800682663
2674,1.80608897635917
2675,1.80607994593686
2676,1.80607091555971
2677,1.80606188522771
2678,1.80605285494086
2679,1.80604382469916
2680,1.80620637595808
2681,1.80619734494878
2682,1.80618831398463
2683,1.80617928306564
2684,1.8061702521918
2685,1.80616122136311
2686,1.80615219057959
2687,1.80614315984121
2688,1.80613412914799
2689,1.80612509849992
2690,1.806116067897
2691,1.80610703733924
2692,1.80609800682663
2693,1.80608897635917
2694,1.80607994593686
2695,1.80607091555971
2696,1.80606188522771
2697,1.80605285494086
2698,1.80604382469916
2699,1.80620637595808
2700,1.80619734494878
2701,1.80618831398463
2702,1.80617928306564
2703,1.8061702521918
2704,1.80616122136311
2705,1.80615219057959
2706,1.80614315984121
2707,1.80613412914799
2708,1.80612509849992
2709,1.806116067897
2710,1.80610703733924
2711,1.80609800682663
2712,1.80608897635917
2713,1.80607994593686
2714,1.80607091555971
2715,1.80606188522771
2716,1.80605285494086
2717,1.80604382469916
2718,1.80620637595808
2719,1.80619734494878
2720,1.80618831398463
2721,1.80617928306564
2722,1.8061702521918
2723,1.80616122136311
2724,1.80615219057959
2725,1.80614315984121
2726,1.80613412914799
2727,1.80612509849992
2728,1.806116067897
2729,1.80610703733924
2730,1.80609800682663
2731,1.80608897635917
2732,1.80607994593686
2733,1.80607091555971
2734,1.80606188522771
2735,1.80605285494086
2736,1.80604382469916
2737,1.80620637595808
2738,1.80619734494878
2739,1.80618831398463
2740,1.80617928306564
2741,1.8061702521918
2742,1.80616122136311
2743,1.80615219057959
2744,1.80614315984121
2745,1.80613412914799
2746,1.80612509849992
2747,1.806116067897
2748,1.80610703733924
2749,1.80609800682663
2750,1.80608897635917
2751,1.80607994593686
2752,1.80607091555971
2753,1.80606188522771
2754,1.80605285494086
2755,1.80604382469916
2756,1.80620637595808
2757,1.80619734494878
2758,1.80618831398463
2759,1.80617928306564
2760,1.8061702521918
2761,1.80616122136311
2762,1.80615219057959
2763,1.80614315984121
2764,1.80613412914799
2765,1.80612509849992
2766,1.806116067897
2767,1.80610703733924
2768,1.80609800682663
2769,1.80608897635917
2770,1.80607994593686
2771,1.80607091555971
2772,1.80606188522771
2773,1.80605285494086
2774,1.80604382469916
2775,1.80620637595808
2776,1.80619734494878
2777,1.80618831398463
2778,1.80617928306564
2779,1.8061702521918
2780,1.80616122136311
2781,1.80615219057959
2782,1.80614315984121
2783,1.80613412914799
2784,1.80612509849992
2785,1.806116067897
2786,1.80610703733924
2787,1.80609800682663
2788,1.80608897635917
2789,1.80607994593686
2790,1.80607091555971
2791,1.80606188522771
2792,1.80605285494086
2793,1.80604382469916
2794,1.80620637595808
2795,1.80619734494878
2796,1.80618831398463
2797,1.80617928306564
2798,1.8061702521918
2799,1.80616122136311
2800,1.80615219057959
2801,1.80614315984121
2802,1.80613412914799
2803,1.80612509849992
2804,1.806116067897
2805,1.80610703733924
2806,1.80609800682663
2807,1.80608897635917
2808,1.80607994593686
2809,1.80607091555971
2810,1.80606188522771
2811,1.80605285494086
2812,1.80604382469916
2813,1.80620637595808
2814,1.80619734494878
2815,1.80618831398463
2816,1.80617928306564
2817,1.8061702521918
2818,1.80616122136311
2819,1.80615219057959
2820,1.80614315984121
2821,1.80613412914799
2822,1.80612509849992
2823,1.806116067897
2824,1.80610703733924
2825,1.80609800682663
2826,1.80608897635917
2827,1.80607994593686
2828,1.80607091555971
2829,1.80606188522771
2830,1.80605285494086
2831,1.80604382469916
2832,1.80620637595808
2833,1.80619734494878
2834,1.80618831398463
2835,1.80617928306564
2836,1.8061702521918
2837,1.80616122136311
2838,1.80615219057959
2839,1.80614315984121
2840,1.80613412914799
2841,1.80612509849992
2842,1.806116067897
2843,1.80610703733924
2844,1.80609800682663
2845,1.80608897635917
2846,1.80607994593686
2847,1.80607091555971
2848,1.80606188522771
2849,1.80605285494086
2850,1.80604382469916
2851,2.13734060615762
2852,2.13732991948131
2853,2.13731923285843
2854,2.13730854628898
2855,2.13729785977297
2856,2.13728717331038
2857,2.13727648690123
2858,2.13726580054551
2859,2.13725511424323
2860,2.13724442799437
2861,2.13723374179895
2862,2.13722305565695
2863,2.13721236956839
2864,2.13720168353325
2865,2.13719099755155
2866,2.13718031162328
2867,2.13716962574844
2868,2.13715893992702
2869,2.13714825415904
2870,2.13734060615762
2871,2.13732991948131
2872,2.13731923285843
2873,2.13730854628898
2874,2.13729785977297
2875,2.13728717331038
2876,2.13727648690123
2877,2.13726580054551
2878,2.13725511424323
2879,2.13724442799437
2880,2.13723374179895
2881,2.13722305565695
2882,2.13721236956839
2883,2.13720168353325
2884,2.13719099755155
2885,2.13718031162328
2886,2.13716962574844
2887,2.13715893992702
2888,2.13714825415904
2889,2.13734060615762
2890,2.13732991948131
2891,2.13731923285843
2892,2.13730854628898
2893,2.13729785977297
2894,2.13728717331038
2895,2.13727648690123
2896,2.13726580054551
2897,2.13725511424323
2898,2.13724442799437
2899,2.13723374179895
2900,2.13722305565695
2901,2.13721236956839
2902,2.13720168353325
2903,2.13719099755155
2904,2.13718031162328
2905,2.13716962574844
2906,2.13715893992702
2907,2.13714825415904
2908,2.13734060615762
2909,2.13732991948131
2910,2.13731923285843
2911,2.13730854628898
2912,2.13729785977297
2913,2.13728717331038
2914,2.13727648690123
2915,2.13726580054551
2916,2.13725511424323
2917,2.13724442799437
2918,2.13723374179895
2919,2.13722305565695
2920,2.13721236956839
2921,2.13720168353325
2922,2.13719099755155
2923,2.13718031162328
2924,2.13716962574844
2925,2.13715893992702
2926,2.13714825415904
2927,2.13734060615762
2928,2.13732991948131
2929,2.13731923285843
2930,2.13730854628898
2931,2.13729785977297
2932,2.13728717331038
2933,2.13727648690123
2934,2.13726580054551
2935,2.13725511424323
2936,2.13724442799437
2937,2.13723374179895
2938,2.13722305565695
2939,2.13721236956839
2940,2.13720168353325
2941,2.13719099755155
2942,2.13718031162328
2943,2.13716962574844
2944,2.13715893992702
2945,2.13714825415904
2946,2.13734060615762
2947,2.13732991948131
2948,2.13731923285843
2949,2.13730854628898
2950,2.13729785977297
2951,2.13728717331038
2952,2.13727648690123
2953,2.13726580054551
2954,2.13725511424323
2955,2.13724442799437
2956,2.13723374179895
2957,2.13722305565695
2958,2.13721236956839
2959,2.13720168353325
2960,2.13719099755155
2961,2.13718031162328
2962,2.13716962574844
2963,2.13715893992702
2964,2.13714825415904
2965,2.13734060615762
2966,2.13732991948131
2967,2.13731923285843
2968,2.13730854628898
2969,2.13729785977297
2970,2.13728717331038
2971,2.13727648690123
2972,2.13726580054551
2973,2.13725511424323
2974,2.13724442799437
2975,2.13723374179895
2976,2.13722305565695
2977,2.13721236956839
2978,2.13720168353325
2979,2.13719099755155
2980,2.13718031162328
2981,2.13716962574844
2982,2.13715893992702
2983,2.13714825415904
2984,2.13734060615762
2985,2.13732991948131
2986,2.13731923285843
2987,2.13730854628898
2988,2.13729785977297
2989,2.13728717331038
2990,2.13727648690123
2991,2.13726580054551
2992,2.13725511424323
2993,2.13724442799437
2994,2.13723374179895
2995,2.13722305565695
2996,2.13721236956839
2997,2.13720168353325
2998,2.13719099755155
2999,2.13718031162328
3000,2.13716962574844
3001,2.13715893992702
3002,2.13714825415904
3003,2.13734060615762
3004,2.13732991948131
3005,2.13731923285843
3006,2.13730854628898
3007,2.13729785977297
3008,2.13728717331038
3009,2.13727648690123
3010,2.13726580054551
3011,2.13725511424323
3012,2.13724442799437
3013,2.13723374179895
3014,2.13722305565695
3015,2.13721236956839
3016,2.13720168353325
3017,2.13719099755155
3018,2.13718031162328
3019,2.13716962574844
3020,2.13715893992702
3021,2.13714825415904
3022,2.13734060615762
3023,2.13732991948131
3024,2.13731923285843
3025,2.13730854628898
3026,2.13729785977297
3027,2.13728717331038
3028,2.13727648690123
3029,2.13726580054551
3030,2.13725511424323
3031,2.13724442799437
3032,2.13723374179895
3033,2.13722305565695
3034,2.13721236956839
3035,2.13720168353325
3036,2.13719099755155
3037,2.13718031162328
3038,2.13716962574844
3039,2.13715893992702
3040,2.13714825415904
3041,2.13734060615762
3042,2.13732991948131
3043,2.13731923285843
3044,2.13730854628898
3045,2.13729785977297
3046,2.13728717331038
3047,2.13727648690123
3048,2.13726580054551
3049,2.13725511424323
3050,2.13724442799437
3051,2.13723374179895
3052,2.13722305565695
3053,2.13721236956839
3054,2.13720168353325
3055,2.13719099755155
3056,2.13718031162328
3057,2.13716962574844
3058,2.13715893992702
3059,2.13714825415904
3060,2.13734060615762
3061,2.13732991948131
3062,2.13731923285843
3063,2.13730854628898
3064,2.13729785977297
3065,2.13728717331038
3066,2.13727648690123
3067,2.13726580054551
3068,2.13725511424323
3069,2.13724442799437
3070,2.13723374179895
3071,2.13722305565695
3072,2.13721236956839
3073,2.13720168353325
3074,2.13719099755155
3075,2.13718031162328
3076,2.13716962574844
3077,2.13715893992702
3078,2.13714825415904
3079,2.13734060615762
3080,2.13732991948131
3081,2.13731923285843
3082,2.13730854628898
3083,2.13729785977297
3084,2.13728717331038
3085,2.13727648690123
3086,2.13726580054551
3087,2.13725511424323
3088,2.13724442799437
3089,2.13723374179895
3090,2.13722305565695
3091,2.13721236956839
3092,2.13720168353325
3093,2.13719099755155
3094,2.13718031162328
3095,2.13716962574844
3096,2.13715893992702
3097,2.13714825415904
3098,2.13734060615762
3099,2.13732991948131
3100,2.13731923285843
3101,2.13730854628898
3102,2.13729785977297
3103,2.13728717331038
3104,2.13727648690123
3105,2.13726580054551
3106,2.13725511424323
3107,2.13724442799437
3108,2.13723374179895
3109,2.13722305565695
3110,2.13721236956839
3111,2.13720168353325
3112,2.13719099755155
3113,2.13718031162328
3114,2.13716962574844
3115,2.13715893992702
3116,2.13714825415904
3117,2.13734060615762
3118,2.13732991948131
3119,2.13731923285843
3120,2.13730854628898
3121,2.13729785977297
3122,2.13728717331038
3123,2.13727648690123
3124,2.13726580054551
3125,2.13725511424323
3126,2.13724442799437
3127,2.13723374179895
3128,2.13722305565695
3129,2.13721236956839
3130,2.13720168353325
3131,2.13719099755155
3132,2.13718031162328
3133,2.13716962574844
3134,2.13715893992702
3135,2.13714825415904
3136,2.13734060615762
3137,2.13732991948131
3138,2.13731923285843
3139,2.13730854628898
3140,2.13729785977297
3141,2.13728717331038
3142,2.13727648690123
3143,2.13726580054551
3144,2.13725511424323
3145,2.13724442799437
3146,2.13723374179895
3147,2.13722305565695
3148,2.13721236956839
3149,2.13720168353325
3150,2.13719099755155
3151,2.13718031162328
3152,2.13716962574844
3153,2.13715893992702
3154,2.13714825415904
3155,2.13734060615762
3156,2.13732991948131
3157,2.13731923285843
3158,2.13730854628898
3159,2.13729785977297
3160,2.13728717331038
3161,2.13727648690123
3162,2.13726580054551
3163,2.13725511424323
3164,2.13724442799437
3165,2.13723374179895
3166,2.13722305565695
3167,2.13721236956839
3168,2.13720168353325
3169,2.13719099755155
3170,2.13718031162328
3171,2.13716962574844
3172,2.13715893992702
3173,2.13714825415904
3174,2.13734060615762
3175,2.13732991948131
3176,2.13731923285843
3177,2.13730854628898
3178,2.13729785977297
3179,2.13728717331038
3180,2.13727648690123
3181,2.13726580054551
3182,2.13725511424323
3183,2.13724442799437
3184,2.13723374179895
3185,2.13722305565695
3186,2.13721236956839
3187,2.13720168353325
3188,2.13719099755155
3189,2.13718031162328
3190,2.13716962574844
3191,2.13715893992702
3192,2.13714825415904
3193,2.13734060615762
3194,2.13732991948131
3195,2.13731923285843
3196,2.13730854628898
3197,2.13729785977297
3198,2.13728717331038
3199,2.13727648690123
3200,2.13726580054551
3201,2.13725511424323
3202,2.13724442799437
3203,2.13723374179895
3204,2.13722305565695
3205,2.13721236956839
3206,2.13720168353325
3207,2.13719099755155
3208,2.13718031162328
3209,2.13716962574844
3210,2.13715893992702
3211,2.13714825415904
3212,2.13734060615762
3213,2.13732991948131
3214,2.13731923285843
3215,2.13730854628898
3216,2.13729785977297
3217,2.13728717331038
3218,2.13727648690123
3219,2.13726580054551
3220,2.13725511424323
3221,2.13724442799437
3222,2.13723374179895
3223,2.13722305565695
3224,2.13721236956839
3225,2.13720168353325
3226,2.13719099755155
3227,2.13718031162328
3228,2.13716962574844
3229,2.13715893992702
3230,2.13714825415904
3231,2.13734060615762
3232,2.13732991948131
3233,2.13731923285843
3234,2.13730854628898
3235,2.13729785977297
3236,2.13728717331038
3237,2.13727648690123
3238,2.13726580054551
3239,2.13725511424323
3240,2.13724442799437
3241,2.13723374179895
3242,2.13722305565695
3243,2.13721236956839
3244,2.13720168353325
3245,2.13719099755155
3246,2.13718031162328
3247,2.13716962574844
3248,2.13715893992702
3249,2.13714825415904
3250,2.13734060615762
3251,2.13732991948131
3252,2.13731923285843
3253,2.13730854628898
3254,2.13729785977297
3255,2.13728717331038
3256,2.13727648690123
3257,2.13726580054551
3258,2.13725511424323
3259,2.13724442799437
3260,2.13723374179895
3261,2.13722305565695
3262,2.13721236956839
3263,2.13720168353325
3264,2.13719099755155
3265,2.13718031162328
3266,2.13716962574844
3267,2.13715893992702
3268,2.13714825415904
3269,2.13734060615762
3270,2.13732991948131
3271,2.13731923285843
3272,2.13730854628898
3273,2.13729785977297
3274,2.13728717331038
3275,2.13727648690123
3276,2.13726580054551
3277,2.13725511424323
3278,2.13724442799437
3279,2.13723374179895
3280,2.13722305565695
3281,2.13721236956839
3282,2.13720168353325
3283,2.13719099755155
3284,2.13718031162328
3285,2.13716962574844
3286,2.13715893992702
3287,2.13714825415904
3288,2.13734060615762
3289,2.13732991948131
3290,2.13731923285843
3291,2.13730854628898
3292,2.13729785977297
3293,2.13728717331038
3294,2.13727648690123
3295,2.13726580054551
3296,2.13725511424323
3297,2.13724442799437
3298,2.13723374179895
3299,2.13722305565695
3300,2.13721236956839
3301,2.13720168353325
3302,2.13719099755155
3303,2.13718031162328
3304,2.13716962574844
3305,2.13715893992702
3306,2.13714825415904
3307,2.13734060615762
3308,2.13732991948131
3309,2.13731923285843
3310,2.13730854628898
3311,2.13729785977297
3312,2.13728717331038
3313,2.13727648690123
3314,2.13726580054551
3315,2.13725511424323
3316,2.13724442799437
3317,2.13723374179895
3318,2.13722305565695
3319,2.13721236956839
3320,2.13720168353325
3321,2.13719099755155
3322,2.13718031162328
3323,2.13716962574844
3324,2.13715893992702
3325,2.13714825415904
3326,3.34226302673977
3327,3.34224631546641
3328,3.34222960427661
3329,3.34221289317037
3330,3.34219618214768
3331,3.34217947120855
3332,3.34216276035297
3333,3.34214604958094
3334,3.34212933889247
3335,3.34211262828756
3336,3.34209591776619
3337,3.34207920732838
3338,3.34206249697412
3339,3.3420457867034
3340,3.34202907651625
3341,3.34201236641264
3342,3.34199565639258
3343,3.34197894645608
3344,3.34196223660312
3345,3.34226302673977
3346,3.34224631546641
3347,3.34222960427661
3348,3.34221289317037
3349,3.34219618214768
3350,3.34217947120855
3351,3.34216276035297
3352,3.34214604958094
3353,3.34212933889247
3354,3.34211262828756
3355,3.34209591776619
3356,3.34207920732838
3357,3.34206249697412
3358,3.3420457867034
3359,3.34202907651625
3360,3.34201236641264
3361,3.34199565639258
3362,3.34197894645608
3363,3.34196223660312
3364,3.34226302673977
3365,3.34224631546641
3366,3.34222960427661
3367,3.34221289317037
3368,3.34219618214768
3369,3.34217947120855
3370,3.34216276035297
3371,3.34214604958094
3372,3.34212933889247
3373,3.34211262828756
3374,3.34209591776619
3375,3.34207920732838
3376,3.34206249697412
3377,3.3420457867034
3378,3.34202907651625
3379,3.34201236641264
3380,3.34199565639258
3381,3.34197894645608
3382,3.34196223660312
3383,3.34226302673977
3384,3.34224631546641
3385,3.34222960427661
3386,3.34221289317037
3387,3.34219618214768
3388,3.34217947120855
3389,3.34216276035297
3390,3.34214604958094
3391,3.34212933889247
3392,3.34211262828756
3393,3.34209591776619
3394,3.34207920732838
3395,3.34206249697412
3396,3.3420457867034
3397,3.34202907651625
3398,3.34201236641264
3399,3.34199565639258
3400,3.34197894645608
3401,3.34196223660312
3402,3.34226302673977
3403,3.34224631546641
3404,3.34222960427661
3405,3.34221289317037
3406,3.34219618214768
3407,3.34217947120855
3408,3.34216276035297
3409,3.34214604958094
3410,3.34212933889247
3411,3.34211262828756
3412,3.34209591776619
3413,3.34207920732838
3414,3.34206249697412
3415,3.3420457867034
3416,3.34202907651625
3417,3.34201236641264
3418,3.34199565639258
3419,3.34197894645608
3420,3.34196223660312
3421,3.34226302673977
3422,3.34224631546641
3423,3.34222960427661
3424,3.34221289317037
3425,3.34219618214768
3426,3.34217947120855
3427,3.34216276035297
3428,3.34214604958094
3429,3.34212933889247
3430,3.34211262828756
3431,3.34209591776619
3432,3.34207920732838
3433,3.34206249697412
3434,3.3420457867034
3435,3.34202907651625
3436,3.34201236641264
3437,3.34199565639258
3438,3.34197894645608
3439,3.34196223660312
3440,3.34226302673977
3441,3.34224631546641
3442,3.34222960427661
3443,3.34221289317037
3444,3.34219618214768
3445,3.34217947120855
3446,3.34216276035297
3447,3.34214604958094
3448,3.34212933889247
3449,3.34211262828756
3450,3.34209591776619
3451,3.34207920732838
3452,3.34206249697412
3453,3.3420457867034
3454,3.34202907651625
3455,3.34201236641264
3456,3.34199565639258
3457,3.34197894645608
3458,3.34196223660312
3459,3.34226302673977
3460,3.34224631546641
3461,3.34222960427661
3462,3.34221289317037
3463,3.34219618214768
3464,3.34217947120855
3465,3.34216276035297
3466,3.34214604958094
3467,3.34212933889247
3468,3.34211262828756
3469,3.34209591776619
3470,3.34207920732838
3471,3.34206249697412
3472,3.3420457867034
3473,3.34202907651625
3474,3.34201236641264
3475,3.34199565639258
3476,3.34197894645608
3477,3.34196223660312
3478,3.34226302673977
3479,3.34224631546641
3480,3.34222960427661
3481,3.34221289317037
3482,3.34219618214768
3483,3.34217947120855
3484,3.34216276035297
3485,3.34214604958094
3486,3.34212933889247
3487,3.34211262828756
3488,3.34209591776619
3489,3.34207920732838
3490,3.34206249697412
3491,3.3420457867034
3492,3.34202907651625
3493,3.34201236641264
3494,3.34199565639258
3495,3.34197894645608
3496,3.34196223660312
3497,3.34226302673977
3498,3.34224631546641
3499,3.34222960427661
3500,3.34221289317037
3501,3.34219618214768
3502,3.34217947120855
3503,3.34216276035297
3504,3.34214604958094
3505,3.34212933889247
3506,3.34211262828756
3507,3.34209591776619
3508,3.34207920732838
3509,3.34206249697412
3510,3.3420457867034
3511,3.34202907651625
3512,3.34201236641264
3513,3.34199565639258
3514,3.34197894645608
3515,3.34196223660312
3516,3.34226302673977
3517,3.34224631546641
3518,3.34222960427661
3519,3.34221289317037
3520,3.34219618214768
3521,3.34217947120855
3522,3.34216276035297
3523,3.34214604958094
3524,3.34212933889247
3525,3.34211262828756
3526,3.34209591776619
3527,3.34207920732838
3528,3.34206249697412
3529,3.3420457867034
3530,3.34202907651625
3531,3.34201236641264
3532,3.34199565639258
3533,3.34197894645608
3534,3.34196223660312
3535,3.34226302673977
3536,3.34224631546641
3537,3.34222960427661
3538,3.34221289317037
3539,3.34219618214768
3540,3.34217947120855
3541,3.34216276035297
3542,3.34214604958094
3543,3.34212933889247
3544,3.34211262828756
3545,3.34209591776619
3546,3.34207920732838
3547,3.34206249697412
3548,3.3420457867034
3549,3.34202907651625
3550,3.34201236641264
3551,3.34199565639258
3552,3.34197894645608
3553,3.34196223660312
3554,3.34226302673977
3555,3.34224631546641
3556,3.34222960427661
3557,3.34221289317037
3558,3.34219618214768
3559,3.34217947120855
3560,3.34216276035297
3561,3.34214604958094
3562,3.34212933889247
3563,3.34211262828756
3564,3.34209591776619
3565,3.34207920732838
3566,3.34206249697412
3567,3.3420457867034
3568,3.34202907651625
3569,3.34201236641264
3570,3.34199565639258
3571,3.34197894645608
3572,3.34196223660312
3573,3.34226302673977
3574,3.34224631546641
3575,3.34222960427661
3576,3.34221289317037
3577,3.34219618214768
3578,3.34217947120855
3579,3.34216276035297
3580,3.34214604958094
3581,3.34212933889247
3582,3.34211262828756
3583,3.34209591776619
3584,3.34207920732838
3585,3.34206249697412
3586,3.3420457867034
3587,3.34202907651625
3588,3.34201236641264
3589,3.34199565639258
3590,3.34197894645608
3591,3.34196223660312
3592,3.34226302673977
3593,3.34224631546641
3594,3.34222960427661
3595,3.34221289317037
3596,3.34219618214768
3597,3.34217947120855
3598,3.34216276035297
3599,3.34214604958094
3600,3.34212933889247
3601,3.34211262828756
3602,3.34209591776619
3603,3.34207920732838
3604,3.34206249697412
3605,3.3420457867034
3606,3.34202907651625
3607,3.34201236641264
3608,3.34199565639258
3609,3.34197894645608
3610,3.34196223660312
3611,3.34226302673977
3612,3.34224631546641
3613,3.34222960427661
3614,3.34221289317037
3615,3.34219618214768
3616,3.34217947120855
3617,3.34216276035297
3618,3.34214604958094
3619,3.34212933889247
3620,3.34211262828756
3621,3.34209591776619
3622,3.34207920732838
3623,3.34206249697412
3624,3.3420457867034
3625,3.34202907651625
3626,3.34201236641264
3627,3.34199565639258
3628,3.34197894645608
3629,3.34196223660312
3630,3.34226302673977
3631,3.34224631546641
3632,3.34222960427661
3633,3.34221289317037
3634,3.34219618214768
3635,3.34217947120855
3636,3.34216276035297
3637,3.34214604958094
3638,3.34212933889247
3639,3.34211262828756
3640,3.34209591776619
3641,3.34207920732838
3642,3.34206249697412
3643,3.3420457867034
3644,3.34202907651625
3645,3.34201236641264
3646,3.34199565639258
3647,3.34197894645608
3648,3.34196223660312
3649,3.34226302673977
3650,3.34224631546641
3651,3.34222960427661
3652,3.34221289317037
3653,3.34219618214768
3654,3.34217947120855
3655,3.34216276035297
3656,3.34214604958094
3657,3.34212933889247
3658,3.34211262828756
3659,3.34209591776619
3660,3.34207920732838
3661,3.34206249697412
3662,3.3420457867034
3663,3.34202907651625
3664,3.34201236641264
3665,3.34199565639258
3666,3.34197894645608
3667,3.34196223660312
3668,3.34226302673977
3669,3.34224631546641
3670,3.34222960427661
3671,3.34221289317037
3672,3.34219618214768
3673,3.34217947120855
3674,3.34216276035297
3675,3.34214604958094
3676,3.34212933889247
3677,3.34211262828756
3678,3.34209591776619
3679,3.34207920732838
3680,3.34206249697412
3681,3.3420457867034
3682,3.34202907651625
3683,3.34201236641264
3684,3.34199565639258
3685,3.34197894645608
3686,3.34196223660312
3687,3.34226302673977
3688,3.34224631546641
3689,3.34222960427661
3690,3.34221289317037
3691,3.34219618214768
3692,3.34217947120855
3693,3.34216276035297
3694,3.34214604958094
3695,3.34212933889247
3696,3.34211262828756
3697,3.34209591776619
3698,3.34207920732838
3699,3.34206249697412
3700,3.3420457867034
3701,3.34202907651625
3702,3.34201236641264
3703,3.34199565639258
3704,3.34197894645608
3705,3.34196223660312
3706,3.34226302673977
3707,3.34224631546641
3708,3.34222960427661
3709,3.34221289317037
3710,3.34219618214768
3711,3.34217947120855
3712,3.34216276035297
3713,3.34214604958094
3714,3.34212933889247
3715,3.34211262828756
3716,3.34209591776619
3717,3.34207920732838
3718,3.34206249697412
3719,3.3420457867034
3720,3.34202907651625
3721,3.34201236641264
3722,3.34199565639258
3723,3.34197894645608
3724,3.34196223660312
3725,3.34226302673977
3726,3.34224631546641
3727,3.34222960427661
3728,3.34221289317037
3729,3.34219618214768
3730,3.34217947120855
3731,3.34216276035297
3732,3.34214604958094
3733,3.34212933889247
3734,3.34211262828756
3735,3.34209591776619
3736,3.34207920732838
3737,3.34206249697412
3738,3.3420457867034
3739,3.34202907651625
3740,3.34201236641264
3741,3.34199565639258
3742,3.34197894645608
3743,3.34196223660312
3744,3.34226302673977
3745,3.34224631546641
3746,3.34222960427661
3747,3.34221289317037
3748,3.34219618214768
3749,3.34217947120855
3750,3.34216276035297
3751,3.34214604958094
3752,3.34212933889247
3753,3.34211262828756
3754,3.34209591776619
3755,3.34207920732838
3756,3.34206249697412
3757,3.3420457867034
3758,3.34202907651625
3759,3.34201236641264
3760,3.34199565639258
3761,3.34197894645608
3762,3.34196223660312
3763,3.34226302673977
3764,3.34224631546641
3765,3.34222960427661
3766,3.34221289317037
3767,3.34219618214768
3768,3.34217947120855
3769,3.34216276035297
3770,3.34214604958094
3771,3.34212933889247
3772,3.34211262828756
3773,3.34209591776619
3774,3.34207920732838
3775,3.34206249697412
3776,3.3420457867034
3777,3.34202907651625
3778,3.34201236641264
3779,3.34199565639258
3780,3.34197894645608
3781,3.34196223660312
3782,2.07715342947536
3783,2.07714304373418
3784,2.07713265804492
3785,2.07712227240759
3786,2.0771118868222
3787,2.07710150128873
3788,2.07709111580718
3789,2.07708073037757
3790,2.07707034499988
3791,2.07705995967412
3792,2.07704957440028
3793,2.07703918917837
3794,2.07702880400839
3795,2.07701841889033
3796,2.0770080338242
3797,2.07699764881
3798,2.07698726384771
3799,2.07697687893735
3800,2.07696649407892
3801,2.07715342947536
3802,2.07714304373418
3803,2.07713265804492
3804,2.07712227240759
3805,2.0771118868222
3806,2.07710150128873
3807,2.07709111580718
3808,2.07708073037757
3809,2.07707034499988
3810,2.07705995967412
3811,2.07704957440028
3812,2.07703918917837
3813,2.07702880400839
3814,2.07701841889033
3815,2.0770080338242
3816,2.07699764881
3817,2.07698726384771
3818,2.07697687893735
3819,2.07696649407892
3820,2.07715342947536
3821,2.07714304373418
3822,2.07713265804492
3823,2.07712227240759
3824,2.0771118868222
3825,2.07710150128873
3826,2.07709111580718
3827,2.07708073037757
3828,2.07707034499988
3829,2.07705995967412
3830,2.07704957440028
3831,2.07703918917837
3832,2.07702880400839
3833,2.07701841889033
3834,2.0770080338242
3835,2.07699764881
3836,2.07698726384771
3837,2.07697687893735
3838,2.07696649407892
3839,2.07715342947536
3840,2.07714304373418
3841,2.07713265804492
3842,2.07712227240759
3843,2.0771118868222
3844,2.07710150128873
3845,2.07709111580718
3846,2.07708073037757
3847,2.07707034499988
3848,2.07705995967412
3849,2.07704957440028
3850,2.07703918917837
3851,2.07702880400839
3852,2.07701841889033
3853,2.0770080338242
3854,2.07699764881
3855,2.07698726384771
3856,2.07697687893735
3857,2.07696649407892
3858,2.07715342947536
3859,2.07714304373418
3860,2.07713265804492
3861,2.07712227240759
3862,2.0771118868222
3863,2.07710150128873
3864,2.07709111580718
3865,2.07708073037757
3866,2.07707034499988
3867,2.07705995967412
3868,2.07704957440028
3869,2.07703918917837
3870,2.07702880400839
3871,2.07701841889033
3872,2.0770080338242
3873,2.07699764881
3874,2.07698726384771
3875,2.07697687893735
3876,2.07696649407892
3877,2.07715342947536
3878,2.07714304373418
3879,2.07713265804492
3880,2.07712227240759
3881,2.0771118868222
3882,2.07710150128873
3883,2.07709111580718
3884,2.07708073037757
3885,2.07707034499988
3886,2.07705995967412
3887,2.07704957440028
3888,2.07703918917837
3889,2.07702880400839
3890,2.07701841889033
3891,2.0770080338242
3892,2.07699764881
3893,2.07698726384771
3894,2.07697687893735
3895,2.07696649407892
3896,2.07715342947536
3897,2.07714304373418
3898,2.07713265804492
3899,2.07712227240759
3900,2.0771118868222
3901,2.07710150128873
3902,2.07709111580718
3903,2.07708073037757
3904,2.07707034499988
3905,2.07705995967412
3906,2.07704957440028
3907,2.07703918917837
3908,2.07702880400839
3909,2.07701841889033
3910,2.0770080338242
3911,2.07699764881
3912,2.07698726384771
3913,2.07697687893735
3914,2.07696649407892
3915,2.07715342947536
3916,2.07714304373418
3917,2.07713265804492
3918,2.07712227240759
3919,2.0771118868222
3920,2.07710150128873
3921,2.07709111580718
3922,2.07708073037757
3923,2.07707034499988
3924,2.07705995967412
3925,2.07704957440028
3926,2.07703918917837
3927,2.07702880400839
3928,2.07701841889033
3929,2.0770080338242
3930,2.07699764881
3931,2.07698726384771
3932,2.07697687893735
3933,2.07696649407892
3934,2.07715342947536
3935,2.07714304373418
3936,2.07713265804492
3937,2.07712227240759
3938,2.0771118868222
3939,2.07710150128873
3940,2.07709111580718
3941,2.07708073037757
3942,2.07707034499988
3943,2.07705995967412
3944,2.07704957440028
3945,2.07703918917837
3946,2.07702880400839
3947,2.07701841889033
3948,2.0770080338242
3949,2.07699764881
3950,2.07698726384771
3951,2.07697687893735
3952,2.07696649407892
3953,2.07715342947536
3954,2.07714304373418
3955,2.07713265804492
3956,2.07712227240759
3957,2.0771118868222
3958,2.07710150128873
3959,2.07709111580718
3960,2.07708073037757
3961,2.07707034499988
3962,2.07705995967412
3963,2.07704957440028
3964,2.07703918917837
3965,2.07702880400839
3966,2.07701841889033
3967,2.0770080338242
3968,2.07699764881
3969,2.07698726384771
3970,2.07697687893735
3971,2.07696649407892
3972,2.07715342947536
3973,2.07714304373418
3974,2.07713265804492
3975,2.07712227240759
3976,2.0771118868222
3977,2.07710150128873
3978,2.07709111580718
3979,2.07708073037757
3980,2.07707034499988
3981,2.07705995967412
3982,2.07704957440028
3983,2.07703918917837
3984,2.07702880400839
3985,2.07701841889033
3986,2.0770080338242
3987,2.07699764881
3988,2.07698726384771
3989,2.07697687893735
3990,2.07696649407892
3991,2.07715342947536
3992,2.07714304373418
3993,2.07713265804492
3994,2.07712227240759
3995,2.0771118868222
3996,2.07710150128873
3997,2.07709111580718
3998,2.07708073037757
3999,2.07707034499988
4000,2.07705995967412
4001,2.07704957440028
4002,2.07703918917837
4003,2.07702880400839
4004,2.07701841889033
4005,2.0770080338242
4006,2.07699764881
4007,2.07698726384771
4008,2.07697687893735
4009,2.07696649407892
4010,2.07715342947536
4011,2.07714304373418
4012,2.07713265804492
4013,2.07712227240759
4014,2.0771118868222
4015,2.07710150128873
4016,2.07709111580718
4017,2.07708073037757
4018,2.07707034499988
4019,2.07705995967412
4020,2.07704957440028
4021,2.07703918917837
4022,2.07702880400839
4023,2.07701841889033
4024,2.0770080338242
4025,2.07699764881
4026,2.07698726384771
4027,2.07697687893735
4028,2.07696649407892
4029,2.07715342947536
4030,2.07714304373418
4031,2.07713265804492
4032,2.07712227240759
4033,2.0771118868222
4034,2.07710150128873
4035,2.07709111580718
4036,2.07708073037757
4037,2.07707034499988
4038,2.07705995967412
4039,2.07704957440028
4040,2.07703918917837
4041,2.07702880400839
4042,2.07701841889033
4043,2.0770080338242
4044,2.07699764881
4045,2.07698726384771
4046,2.07697687893735
4047,2.07696649407892
4048,2.07715342947536
4049,2.07714304373418
4050,2.07713265804492
4051,2.07712227240759
4052,2.0771118868222
4053,2.07710150128873
4054,2.07709111580718
4055,2.07708073037757
4056,2.07707034499988
4057,2.07705995967412
4058,2.07704957440028
4059,2.07703918917837
4060,2.07702880400839
4061,2.07701841889033
4062,2.0770080338242
4063,2.07699764881
4064,2.07698726384771
4065,2.07697687893735
4066,2.07696649407892
4067,2.07715342947536
4068,2.07714304373418
4069,2.07713265804492
4070,2.07712227240759
4071,2.0771118868222
4072,2.07710150128873
4073,2.07709111580718
4074,2.07708073037757
4075,2.07707034499988
4076,2.07705995967412
4077,2.07704957440028
4078,2.07703918917837
4079,2.07702880400839
4080,2.07701841889033
4081,2.0770080338242
4082,2.07699764881
4083,2.07698726384771
4084,2.07697687893735
4085,2.07696649407892
4086,2.07715342947536
4087,2.07714304373418
4088,2.07713265804492
4089,2.07712227240759
4090,2.0771118868222
4091,2.07710150128873
4092,2.07709111580718
4093,2.07708073037757
4094,2.07707034499988
4095,2.07705995967412
4096,2.07704957440028
4097,2.07703918917837
4098,2.07702880400839
4099,2.07701841889033
4100,2.0770080338242
4101,2.07699764881
4102,2.07698726384771
4103,2.07697687893735
4104,2.07696649407892
4105,2.07715342947536
4106,2.07714304373418
4107,2.07713265804492
4108,2.07712227240759
4109,2.0771118868222
4110,2.07710150128873
4111,2.07709111580718
4112,2.07708073037757
4113,2.07707034499988
4114,2.07705995967412
4115,2.07704957440028
4116,2.07703918917837
4117,2.07702880400839
4118,2.07701841889033
4119,2.0770080338242
4120,2.07699764881
4121,2.07698726384771
4122,2.07697687893735
4123,2.07696649407892
4124,2.07715342947536
4125,2.07714304373418
4126,2.07713265804492
4127,2.07712227240759
4128,2.0771118868222
4129,2.07710150128873
4130,2.07709111580718
4131,2.07708073037757
4132,2.07707034499988
4133,2.07705995967412
4134,2.07704957440028
4135,2.07703918917837
4136,2.07702880400839
4137,2.07701841889033
4138,2.0770080338242
4139,2.07699764881
4140,2.07698726384771
4141,2.07697687893735
4142,2.07696649407892
4143,2.07715342947536
4144,2.07714304373418
4145,2.07713265804492
4146,2.07712227240759
4147,2.0771118868222
4148,2.07710150128873
4149,2.07709111580718
4150,2.07708073037757
4151,2.07707034499988
4152,2.07705995967412
4153,2.07704957440028
4154,2.07703918917837
4155,2.07702880400839
4156,2.07701841889033
4157,2.0770080338242
4158,2.07699764881
4159,2.07698726384771
4160,2.07697687893735
4161,2.07696649407892
4162,2.07715342947536
4163,2.07714304373418
4164,2.07713265804492
4165,2.07712227240759
4166,2.0771118868222
4167,2.07710150128873
4168,2.07709111580718
4169,2.07708073037757
4170,2.07707034499988
4171,2.07705995967412
4172,2.07704957440028
4173,2.07703918917837
4174,2.07702880400839
4175,2.07701841889033
4176,2.0770080338242
4177,2.07699764881
4178,2.07698726384771
4179,2.07697687893735
4180,2.07696649407892
4181,2.07715342947536
4182,2.07714304373418
4183,2.07713265804492
4184,2.07712227240759
4185,2.0771118868222
4186,2.07710150128873
4187,2.07709111580718
4188,2.07708073037757
4189,2.07707034499988
4190,2.07705995967412
4191,2.07704957440028
4192,2.07703918917837
4193,2.07702880400839
4194,2.07701841889033
4195,2.0770080338242
4196,2.07699764881
4197,2.07698726384771
4198,2.07697687893735
4199,2.07696649407892
4200,2.07715342947536
4201,2.07714304373418
4202,2.07713265804492
4203,2.07712227240759
4204,2.0771118868222
4205,2.07710150128873
4206,2.07709111580718
4207,2.07708073037757
4208,2.07707034499988
4209,2.07705995967412
4210,2.07704957440028
4211,2.07703918917837
4212,2.07702880400839
4213,2.07701841889033
4214,2.0770080338242
4215,2.07699764881
4216,2.07698726384771
4217,2.07697687893735
4218,2.07696649407892
4219,2.07715342947536
4220,2.07714304373418
4221,2.07713265804492
4222,2.07712227240759
4223,2.0771118868222
4224,2.07710150128873
4225,2.07709111580718
4226,2.07708073037757
4227,2.07707034499988
4228,2.07705995967412
4229,2.07704957440028
4230,2.07703918917837
4231,2.07702880400839
4232,2.07701841889033
4233,2.0770080338242
4234,2.07699764881
4235,2.07698726384771
4236,2.07697687893735
4237,2.07696649407892
4238,2.07715342947536
4239,2.07714304373418
4240,2.07713265804492
4241,2.07712227240759
4242,2.0771118868222
4243,2.07710150128873
4244,2.07709111580718
4245,2.07708073037757
4246,2.07707034499988
4247,2.07705995967412
4248,2.07704957440028
4249,2.07703918917837
4250,2.07702880400839
4251,2.07701841889033
4252,2.0770080338242
4253,2.07699764881
4254,2.07698726384771
4255,2.07697687893735
4256,2.07696649407892
